Rk,Player,Pos,Age,Tm,G,GS,MP,FG,FGA,FG%,3P,3PA,3P%,2P,2PA,2P%,eFG%,FT,FTA,FT%,ORB,DRB,TRB,AST,STL,BLK,TOV,PF,PTS
1,Precious Achiuwa,C,23,TOR,12,0,20.4,3,7.7,0.391,0.4,2.3,0.179,2.6,5.3,0.484,0.418,2.3,2.8,0.848,2,5,7,1.3,0.2,0.6,1.3,1.6,8.8
2,Steven Adams,C,29,MEM,21,21,27,3.5,5.9,0.593,0,0,0,3.5,5.8,0.598,0.593,0.9,3,0.306,5.2,6,11.2,2.3,0.9,1,2.2,2.5,7.9
3,Bam Adebayo,C,25,MIA,21,21,35,8.1,15.3,0.531,0,0.4,0.111,8.1,14.9,0.543,0.533,4.7,5.4,0.867,2.4,6.8,9.1,3.3,1,0.8,3.1,3.5,21
4,Ochai Agbaji,SG,22,UTA,8,0,9,1.3,2.6,0.476,0.1,0.9,0.143,1.1,1.8,0.643,0.5,0.5,0.9,0.571,0.5,0.8,1.3,0.1,0.1,0,0,1,3.1
5,Santi Aldama,PF,22,MEM,22,15,24.9,3.4,7.6,0.446,1.2,3.7,0.333,2.2,4,0.552,0.527,1.2,1.7,0.711,1.6,4.1,5.7,1.3,0.8,1,0.6,2.6,9.3
6,Nickeil Alexander-Walker,SG,24,UTA,15,0,10.5,1.5,3.7,0.393,0.6,1.9,0.321,0.9,1.9,0.464,0.473,0.5,0.6,0.889,0.2,0.7,0.9,1.5,0.5,0.3,0.7,1.4,4.1
7,Grayson Allen,SG,27,MIL,20,18,27,3.4,7.4,0.456,2,4.6,0.435,1.4,2.8,0.491,0.592,2.2,2.4,0.915,0.9,2.7,3.5,2.6,0.8,0.3,1.3,1.6,10.9
8,Jarrett Allen,C,24,CLE,17,17,32,5.5,9.4,0.588,0,0.1,0,5.5,9.3,0.595,0.588,2.4,3.1,0.788,2.9,7.8,10.8,1.3,0.5,1.2,1.7,2.2,13.5
9,Jose Alvarado,PG,24,NOP,23,6,21.2,3.7,7.8,0.472,1.7,4.1,0.404,2,3.7,0.547,0.578,0.9,1.1,0.84,0.4,2,2.4,3.3,1.2,0.2,1.3,2.2,10
10,Kyle Anderson,PF,29,MIN,18,3,22.1,2.3,4.7,0.494,0.5,1.2,0.429,1.8,3.6,0.516,0.547,1.3,1.6,0.821,0.7,3.3,4.1,2.9,1,0.9,1.4,1.3,6.4
11,Giannis Antetokounmpo,PF,28,MIL,18,18,32.9,11.7,21.6,0.542,0.7,3.3,0.22,11,18.3,0.6,0.559,7.6,12.4,0.614,2.1,9.1,11.2,5.5,0.8,1,3.7,3.4,31.8
12,Thanasis Antetokounmpo,SF,30,MIL,11,0,3.9,0.1,0.4,0.25,0,0.1,0,0.1,0.3,0.333,0.25,0,0,,0.2,0.8,1,0.2,0,0.2,0.4,0.3,0.2
13,Cole Anthony,PG,22,ORL,7,3,28.3,5.1,11.6,0.444,1.6,4,0.393,3.6,7.6,0.472,0.512,3,3.6,0.84,0.4,4.1,4.6,3.9,1.1,0.6,1.6,3.7,14.9
14,OG Anunoby,SF,25,TOR,23,23,36.3,7.3,15.1,0.484,1.6,4.6,0.349,5.7,10.5,0.544,0.537,3.1,3.8,0.828,1.5,4.3,5.8,2.3,2.3,0.9,2.5,3,19.3
15,Ryan Arcidiacono,PG,28,NYK,6,0,2.7,0,0.5,0,0,0.3,0,0,0.2,0,0,0,0,,0,0.3,0.3,0.3,0.3,0,0.2,0.3,0
16,Deni Avdija,SF,22,WAS,24,21,23.6,2.7,6.8,0.393,0.8,2.8,0.265,1.9,4,0.484,0.448,1.1,1.5,0.75,0.9,4.1,5,2.3,0.7,0.7,1.4,3.1,7.2
17,Deandre Ayton,C,24,PHO,21,21,29.1,7.3,12,0.614,0.2,0.6,0.308,7.1,11.3,0.63,0.622,2.1,2.8,0.746,3,6.7,9.7,2.2,0.5,0.8,2,3,17
18,Udoka Azubuike,C,23,UTA,9,0,3.9,0.8,0.9,0.875,0,0,,0.8,0.9,0.875,0.875,0.2,0.7,0.333,0.4,1.3,1.8,0.3,0.2,0.2,0.2,0.2,1.8
19,Marvin Bagley III,PF,23,DET,12,11,24.5,5.3,9.3,0.568,0.6,1.6,0.368,4.7,7.7,0.609,0.599,1.8,2.3,0.815,2.3,4.5,6.8,0.7,0.8,0.7,1.3,2.4,12.9
20,Patrick Baldwin Jr.,SF,20,GSW,4,0,6,1,2.5,0.4,0.5,2,0.25,0.5,0.5,1,0.5,0,0,,0,1.5,1.5,0,0.8,0,0.3,0,2.5
21,LaMelo Ball,PG,21,CHO,3,3,32.7,7.3,17.7,0.415,3.3,10.7,0.313,4,7,0.571,0.509,1.3,1.7,0.8,0,3.7,3.7,7,1,0.3,3.7,2.7,19.3
22,Mo Bamba,C,24,ORL,19,5,18.7,3,6.3,0.479,1.1,2.9,0.357,1.9,3.3,0.587,0.563,1.2,1.6,0.71,1.2,3.4,4.5,1.2,0.3,0.8,0.9,2.2,8.2
23,Paolo Banchero,PF,20,ORL,17,17,34.5,7.5,16.4,0.46,0.9,3.6,0.258,6.6,12.7,0.519,0.489,5.8,8.1,0.723,1.1,5.4,6.5,3.6,0.8,0.6,2.9,2.2,21.8
24,Desmond Bane,SG,24,MEM,12,12,33.6,8.3,17.8,0.465,3.8,8.5,0.451,4.4,9.3,0.477,0.573,4.3,4.8,0.912,0.5,4.4,4.9,4.8,0.6,0.3,2.3,2.4,24.7
25,Dalano Banton,PG,23,TOR,18,2,10.7,2.2,5.3,0.421,0.7,2.3,0.317,1.5,3,0.5,0.489,0.8,0.9,0.875,0.4,1.1,1.6,1.2,0.6,0.6,0.7,1.2,5.9
26,Dominick Barlow,SF,19,SAS,3,0,7.3,0.7,2,0.333,0,1,0,0.7,1,0.667,0.333,1.3,1.3,1,0.7,0.3,1,1,0.3,0,0,1,2.7
27,Harrison Barnes,PF,30,SAC,22,22,30.6,4.1,8.4,0.489,1,3.3,0.301,3.1,5,0.613,0.549,4,4.8,0.84,1,4.4,5.5,1.9,0.9,0.1,1.2,1.4,13.2
28,Scottie Barnes,PF,21,TOR,20,19,32.7,5.8,13,0.446,1.3,3.8,0.333,4.6,9.3,0.492,0.494,1.3,2,0.667,1.9,5,6.8,5,1,0.9,2.5,1.6,14.2
29,RJ Barrett,SG,22,NYK,24,24,33.4,6.4,15.7,0.406,1.5,5.5,0.282,4.8,10.3,0.472,0.455,4.1,5.3,0.778,0.9,4.5,5.4,3,0.5,0.1,2.3,2.3,18.4
30,Will Barton,SG,32,WAS,24,0,22.1,2.7,7.5,0.359,1.1,3.4,0.317,1.6,4.1,0.394,0.431,0.9,1,0.875,0.3,2.8,3.1,2.5,0.6,0.3,1,1.2,7.4
31,Charles Bassey,C,22,SAS,14,0,15.3,2.4,3.4,0.688,0.1,0.4,0.333,2.2,3,0.738,0.708,0.7,1.3,0.556,2.1,3.9,6,1.4,0.4,1.1,1.4,2.4,5.6
32,Keita Bates-Diop,SF,27,SAS,22,8,18.1,3.1,6,0.523,0.5,1.4,0.367,2.6,4.6,0.569,0.564,1.1,1.4,0.833,1.2,1.7,3,0.7,0.6,0.2,0.8,0.7,7.9
33,Nicolas Batum,PF,34,LAC,24,1,18.6,1.5,3.7,0.398,1,2.7,0.354,0.5,1,0.522,0.528,0.4,0.7,0.625,0.7,3.3,4,1.3,0.5,0.8,0.8,2.1,4.3
34,Darius Bazley,PF,22,OKC,18,0,15.6,2.1,4.8,0.437,0.5,1.4,0.36,1.6,3.4,0.468,0.489,0.8,1.6,0.5,1.1,2.8,3.9,1,0.6,1.3,0.7,1.1,5.5
35,Bradley Beal,SG,29,WAS,18,18,35.1,8.7,16.6,0.522,1.7,4.9,0.352,6.9,11.7,0.592,0.574,3.8,4.4,0.873,0.8,2.9,3.7,5.4,1.2,0.6,2.8,1.9,22.9
36,Malik Beasley,SG,26,UTA,26,2,26.5,4.7,11.6,0.409,3.1,8.1,0.386,1.6,3.5,0.462,0.543,0.7,0.8,0.9,0.7,3.2,3.8,1.5,1,0.2,0.9,1.3,13.3
37,MarJon Beauchamp,SF,22,MIL,15,6,15.5,2,5.2,0.385,0.8,2.7,0.293,1.2,2.5,0.486,0.462,0.5,0.7,0.7,0.9,2,2.9,0.4,0.5,0.1,1.2,1.7,5.3
38,Dāvis Bertāns,PF,30,DAL,8,0,7.8,1.1,3,0.375,1,2.4,0.421,0.1,0.6,0.2,0.542,0.4,0.5,0.75,0.1,0.5,0.6,0.5,0,0,0.3,1.6,3.6
39,Patrick Beverley,PG,34,LAL,17,17,26.6,1.3,4.7,0.275,0.7,3.2,0.222,0.6,1.5,0.385,0.35,0.9,1.1,0.789,0.7,3.2,3.9,2.5,0.8,0.5,0.9,3,4.2
40,Saddiq Bey,SF,23,DET,21,17,30.1,4.6,11.4,0.404,1.4,5.3,0.268,3.2,6.1,0.523,0.467,3.9,4.4,0.882,1.1,3.5,4.7,1.7,0.8,0.2,1.3,1.8,14.6
41,Khem Birch,C,30,TOR,13,0,7,0.9,1.5,0.6,0.1,0.1,1,0.8,1.5,0.579,0.625,0.2,0.2,1,0.5,0.6,1.1,0.3,0.3,0.2,0.3,1.3,2.1
42,Goga Bitadze,C,23,IND,14,0,10.1,1.5,2.8,0.538,0.1,0.7,0.2,1.4,2.1,0.655,0.564,0.6,1.3,0.5,1.1,1.3,2.4,1,0.4,0.6,0.7,1.9,3.8
43,Bismack Biyombo,C,30,PHO,19,2,12,1.3,2.6,0.51,0,0,,1.3,2.6,0.51,0.51,0.4,0.9,0.471,0.9,2.5,3.4,0.8,0.3,1.4,1.1,1.8,3.1
44,Buddy Boeheim,PG,23,DET,1,0,1,0,0,,0,0,,0,0,,,0,0,,0,0,0,0,0,0,0,0,0
45,Bogdan Bogdanović,SG,30,ATL,1,0,22,2,9,0.222,1,6,0.167,1,3,0.333,0.278,0,0,,0,2,2,1,0,0,4,1,5
46,Bojan Bogdanović,PF,33,DET,24,24,31.6,6.9,13.5,0.508,2.4,5.7,0.419,4.5,7.9,0.571,0.595,4.5,5.1,0.877,0.5,3.2,3.7,2.5,0.5,0,2.3,1.8,20.6
47,Bol Bol,PF,23,ORL,24,19,27,5.3,8.7,0.608,0.8,1.9,0.413,4.5,6.8,0.663,0.653,1.5,2,0.771,1.4,6.3,7.7,1,0.5,1.9,2.2,1.5,12.9
48,Leandro Bolmaro,SG,22,UTA,4,0,5.8,0.5,1.8,0.286,0,0.5,0,0.5,1.3,0.4,0.286,0,0,,0.3,0,0.3,0.8,0.5,0.3,0.8,1,1
49,Devin Booker,SG,26,PHO,23,23,36,10.4,21.2,0.493,2.4,6.3,0.389,8,14.9,0.536,0.55,5.8,6.7,0.87,0.9,4.1,5,6,1,0.4,2.6,2.6,29.1
50,Brandon Boston Jr.,SG,21,LAC,7,0,8.4,2.1,5,0.429,1,1.6,0.636,1.1,3.4,0.333,0.529,0.6,0.9,0.667,0.4,0.6,1,0.4,0.3,0,0.4,0.4,5.9
51,Chris Boucher,PF,30,TOR,19,0,23.3,3.9,8.7,0.455,0.9,3.1,0.293,3.1,5.6,0.542,0.506,2.6,3.6,0.71,2.3,3.8,6.1,0.7,0.8,0.8,0.8,2.5,11.4
52,James Bouknight,SG,22,CHO,19,0,17.2,2,5.9,0.336,0.7,3.1,0.237,1.3,2.8,0.444,0.398,0.5,0.8,0.625,0.3,2.1,2.4,1.4,0.5,0.2,0.9,1.5,5.3
53,Tony Bradley,C,25,CHI,6,0,2.5,0.3,0.7,0.5,0.2,0.3,0.5,0.2,0.3,0.5,0.625,0.3,0.3,1,0.2,1,1.2,0,0.2,0,0,0,1.2
54,Malaki Branham,SF,19,SAS,11,2,17.1,1.9,5.8,0.328,0.7,3.2,0.229,1.2,2.6,0.448,0.391,0.7,0.9,0.8,0.2,1.5,1.6,1.8,0.2,0.2,1,1.3,5.3
55,Christian Braun,SG,21,DEN,21,0,12.7,1.1,2.7,0.404,0.3,1,0.35,0.8,1.8,0.432,0.465,0.3,0.6,0.538,0.6,1.4,2,0.7,0.4,0.1,0.3,0.9,2.9
56,Mikal Bridges,SF,26,PHO,23,23,36.8,6.2,11.9,0.522,1.7,3.8,0.455,4.5,8.1,0.554,0.595,2,2.2,0.882,1.2,4.2,5.3,3.4,1.1,1,1.1,2.3,16.1
57,Oshae Brissett,SF,24,IND,18,0,15,1.6,3.8,0.412,0.8,2.3,0.341,0.8,1.5,0.519,0.515,1.2,1.6,0.75,0.7,1.9,2.6,0.5,0.7,0.2,0.4,1.1,5.1
58,Malcolm Brogdon,PG,30,BOS,20,0,23.3,4.8,9.9,0.487,1.9,3.9,0.494,2.9,6,0.483,0.584,2.4,2.8,0.857,1,3.2,4.2,3.7,0.6,0.2,1.9,1.5,13.9
59,Dillon Brooks,SG,27,MEM,20,20,31.2,6.6,16.4,0.399,2.2,6.4,0.346,4.4,10.1,0.433,0.466,2.2,3,0.746,0.9,3,3.8,3,1,0.1,1.6,3.2,17.5
60,Bruce Brown,PG,26,DEN,23,11,30,4.5,9.5,0.472,1.3,3.4,0.397,3.1,6.1,0.514,0.544,0.9,1,0.875,1,3.5,4.5,4.5,1.1,0.5,1.9,2.4,11.2
61,Greg Brown III,PF,21,POR,7,0,7.1,1,2.1,0.467,0.1,0.7,0.2,0.9,1.4,0.6,0.5,0.3,1.1,0.25,0.1,0.9,1,0,0.4,0.6,0.4,1,2.4
62,Jaylen Brown,SF,26,BOS,22,22,35.8,10,19.5,0.509,2.5,6.9,0.358,7.5,12.7,0.591,0.572,4.6,5.5,0.835,1,6,7,3.5,1,0.5,3.2,2.8,27
63,Kendall Brown,SG,19,IND,4,0,4.3,0.8,1,0.75,0,0,,0.8,1,0.75,0.75,0,0,,0,0.3,0.3,0.3,0.8,0,0,0.8,1.5
64,Moses Brown,C,23,LAC,16,0,5.7,1.3,2.1,0.636,0,0,,1.3,2.1,0.636,0.636,1.3,2.4,0.513,0.9,1.4,2.3,0.1,0.1,0.3,0.2,0.9,3.9
65,Troy Brown Jr.,SF,23,LAL,19,16,25.6,3.1,6.7,0.453,1.1,3.2,0.35,1.9,3.6,0.544,0.535,0.6,0.6,1,0.9,3.7,4.7,1,0.8,0.1,0.9,1.7,7.8
66,Jalen Brunson,PG,26,NYK,24,24,32.3,7.5,15.6,0.483,1.4,4.2,0.34,6.1,11.5,0.535,0.528,4.5,5.2,0.872,0.5,3,3.4,6.3,1,0.2,1.8,2.5,21
67,Thomas Bryant,C,25,LAL,8,1,12.9,3.3,4.5,0.722,0.1,0.5,0.25,3.1,4,0.781,0.736,1.4,2.5,0.55,0.9,3.5,4.4,0.6,0,0.6,0.3,1.5,8
68,Reggie Bullock,SF,31,DAL,21,18,27.5,1.7,5.5,0.304,1.3,4.5,0.284,0.4,1,0.4,0.422,0.5,0.7,0.714,0.5,2.5,3,1,0.9,0.1,0.4,2.3,5.1
69,Alec Burks,SG,31,DET,12,0,20.4,4.2,9.8,0.427,1.7,4.5,0.37,2.5,5.3,0.476,0.513,3.9,4.8,0.81,0.3,2.3,2.6,1.7,1,0.1,1.1,2.6,13.9
70,Jimmy Butler,SF,33,MIA,14,14,35.7,6.9,14.1,0.492,0.8,2.3,0.344,6.1,11.8,0.521,0.52,6.6,7.4,0.885,2.3,4.9,7.2,5.9,1.7,0.3,1.8,1.6,21.2
71,John Butler,C,20,POR,4,0,3.8,0.3,0.8,0.333,0,0.5,0,0.3,0.3,1,0.333,0,0,,0.3,0.3,0.5,0.3,0,0.3,0,0,0.5
72,Jamal Cain,SF,23,MIA,8,0,11.6,1.9,3.5,0.536,0.1,0.8,0.167,1.8,2.8,0.636,0.554,0.5,0.8,0.667,0.9,1.5,2.4,0.6,0.6,0,0.3,1.3,4.4
73,Kentavious Caldwell-Pope,SG,29,DEN,22,22,31.2,3.9,8.4,0.459,2.1,4.5,0.46,1.8,3.9,0.459,0.584,1.1,1.5,0.781,0.5,2.4,2.9,2.1,1.2,0.4,1.3,1.9,11
74,Facundo Campazzo,PG,31,DAL,8,0,6.5,0.4,1.6,0.231,0.4,1.4,0.273,0,0.3,0,0.346,0.1,0.3,0.5,0,0.3,0.3,1.1,0.8,0,0.4,0.4,1.3
75,Vlatko Čančar,PF,25,DEN,15,0,12.7,2,4.3,0.469,0.9,2.3,0.412,1.1,2,0.533,0.578,0.4,0.5,0.857,0.3,1.4,1.7,0.9,0.5,0.3,0.5,1.5,5.3
76,Clint Capela,C,28,ATL,21,21,27.8,5.2,8.5,0.609,0,0,,5.2,8.5,0.609,0.609,1.1,2,0.561,4.3,7.7,12,0.8,0.7,1.4,0.9,2.3,11.5
77,Vernon Carey Jr.,C,21,WAS,3,0,1.7,0,0.7,0,0,0,,0,0.7,0,0,0,0,,0,0.3,0.3,0,0,0,0.3,0.7,0
78,Jevon Carter,PG,27,MIL,22,21,27.1,3.3,7.6,0.437,1.5,3.8,0.41,1.8,3.8,0.464,0.539,0.7,0.9,0.842,0.6,2.1,2.8,3.4,1.4,0.7,1.5,2.7,8.9
79,Wendell Carter Jr.,C,23,ORL,15,15,32.9,5.8,11.3,0.515,1.2,3.5,0.346,4.6,7.8,0.59,0.568,3.8,4.6,0.826,2.1,6.9,9.1,3.3,0.5,0.5,2.6,3.2,16.6
80,Alex Caruso,PG,28,CHI,23,7,25.8,1.7,4.3,0.404,0.9,2.4,0.357,0.9,1.9,0.465,0.505,1,1.3,0.774,0.4,2.3,2.7,3.7,1.4,0.8,1.4,2.3,5.4
81,Julian Champagnie,SF,21,PHI,2,0,3.5,0,1,0,0,0.5,0,0,0.5,0,0,0,0,,0,0,0,0,0.5,0,0,0,0
82,Justin Champagnie,SF,21,TOR,2,0,4.5,1.5,1.5,1,0,0,,1.5,1.5,1,1,0,0,,0.5,1,1.5,0,0,0,0,0.5,3
83,Kennedy Chandler,PG,20,MEM,8,0,9.9,1,3.4,0.296,0.1,0.9,0.143,0.9,2.5,0.35,0.315,0.4,0.9,0.429,0.3,1,1.3,2,0.5,0.3,0.9,0.6,2.5
84,Max Christie,SG,19,LAL,10,0,11.2,0.9,2.3,0.391,0.7,1.6,0.438,0.2,0.7,0.286,0.543,0.3,0.4,0.75,0.1,2.1,2.2,0.5,0.3,0,0.2,0.5,2.8
85,Josh Christopher,SG,21,HOU,17,0,7.2,1.2,2.8,0.438,0.2,0.8,0.214,1.1,2,0.529,0.469,0.3,0.4,0.833,0.3,0.8,1.1,0.6,0.3,0.1,0.7,0.7,2.9
86,Brandon Clarke,PF,26,MEM,23,2,19.2,3.7,6.3,0.597,0,0.3,0.167,3.7,6,0.616,0.601,1.6,2.2,0.72,1.3,3.6,4.8,1.3,0.3,0.9,1.1,2.3,9.1
87,Jordan Clarkson,SG,30,UTA,26,26,32.3,7.1,16.5,0.432,2.7,7.7,0.35,4.4,8.8,0.504,0.514,2.8,3.3,0.828,1.2,2.7,3.9,4.8,0.3,0.3,2.7,2.1,19.7
88,Nic Claxton,C,23,BRK,24,24,28,5.3,7.3,0.73,0,0,0,5.3,7.2,0.734,0.73,1.2,2.7,0.431,2.7,6.1,8.8,1.3,0.7,2.2,1.3,3,11.8
89,Amir Coffey,SG,25,LAC,21,6,14.9,1.2,3.1,0.379,0.2,0.9,0.222,1,2.3,0.438,0.409,1.4,1.8,0.811,0.4,0.7,1.1,1.3,0.2,0.1,0.5,1.3,4
90,John Collins,PF,25,ATL,22,22,31.5,4.7,9.7,0.484,0.7,3.3,0.219,4,6.4,0.621,0.521,2.2,2.6,0.845,1.2,6.3,7.5,1.3,0.9,1.4,1.4,3.2,12.3
91,Zach Collins,PF,25,SAS,14,3,18.9,3.2,6.8,0.474,0.7,2.5,0.286,2.5,4.3,0.583,0.526,0.8,1.1,0.733,1.7,3.6,5.4,2.7,0.6,1,2,3.5,7.9
92,Mike Conley,PG,35,UTA,17,17,29.2,3.4,8.7,0.392,1.9,4.9,0.386,1.5,3.8,0.4,0.5,1.5,2,0.765,0.4,2,2.4,7.9,1.2,0.3,1.5,2.1,10.2
93,Pat Connaughton,SG,30,MIL,6,0,17.2,2.3,7.3,0.318,1.3,5.2,0.258,1,2.2,0.462,0.409,0.7,0.7,1,0.5,2.3,2.8,0.7,0.7,0,0.2,0.7,6.7
94,Robert Covington,PF,32,LAC,15,0,15.6,1.7,4.5,0.382,1,2.9,0.341,0.7,1.6,0.458,0.493,0.9,1.1,0.875,0.3,3.5,3.9,1.2,0.4,0.7,0.8,2,5.4
95,Torrey Craig,SF,32,PHO,21,13,23.6,3,6.2,0.473,1.2,3.2,0.382,1.7,3,0.571,0.573,0.5,0.6,0.769,1.9,3,5,1.4,0.6,0.8,0.7,2.4,7.6
96,Jarrett Culver,SG,23,ATL,4,1,16.5,1.8,4.3,0.412,0.3,1.5,0.167,1.5,2.8,0.545,0.441,1.3,2,0.625,1.3,3.8,5,1,1,0.3,1,1,5
97,Cade Cunningham,PG,21,DET,12,12,33.3,7.8,18.7,0.415,1.4,5.1,0.279,6.3,13.6,0.466,0.453,3,3.6,0.837,1,5.2,6.2,6,0.8,0.6,3.3,2.8,19.9
98,Seth Curry,SG,32,BRK,15,0,22.4,3.3,7.4,0.441,1.7,4.2,0.413,1.5,3.2,0.479,0.559,0.7,0.7,0.909,0.3,2,2.3,2.3,0.6,0.3,1.3,1.9,8.9
99,Stephen Curry,PG,34,GSW,22,22,34.6,10.5,20.5,0.511,5.2,11.9,0.441,5.2,8.6,0.608,0.639,4.6,5.1,0.903,0.5,6.2,6.7,7.1,1,0.3,3.1,2.1,30.8
100,Dyson Daniels,PG,19,NOP,15,2,18.7,2.1,4.1,0.5,0.6,1.5,0.409,1.5,2.7,0.55,0.573,0.6,0.9,0.643,0.5,3.3,3.9,2.2,0.7,0.3,0.7,1.9,5.3
101,Anthony Davis,C,29,LAL,20,20,34.6,10.9,18.4,0.59,0.5,1.4,0.333,10.4,17.1,0.61,0.602,6.5,7.8,0.832,3.4,9.4,12.8,2.6,1.4,2.4,2,2.9,28.6
102,Johnny Davis,SG,20,WAS,8,0,5.6,0.4,1.4,0.273,0,0.3,0,0.4,1.1,0.333,0.273,0.4,0.4,1,0.1,0.5,0.6,0.3,0,0.1,0.1,1.5,1.1
103,Terence Davis,SG,25,SAC,20,1,13.2,2.5,5.6,0.438,1.4,3.6,0.394,1.1,2.1,0.512,0.563,0.7,0.8,0.875,0.5,2.6,3,1.5,0.8,0.2,0.8,1.8,7
104,JD Davison,PG,20,BOS,3,0,2.7,0.3,1.3,0.25,0,0.7,0,0.3,0.7,0.5,0.25,0,0,,0,0.3,0.3,0.3,0.3,0,0.3,0,0.7
105,Dewayne Dedmon,C,33,MIA,19,0,12.4,2.7,4.8,0.571,0.5,1.3,0.36,2.3,3.5,0.652,0.621,1.3,1.7,0.758,0.9,2.6,3.5,0.6,0.2,0.4,0.6,1.8,7.3
106,Matthew Dellavedova,PG,32,SAC,9,0,6.6,0.6,1.9,0.294,0.2,0.6,0.4,0.3,1.3,0.25,0.353,0.1,0.3,0.333,0.1,0.3,0.4,1.2,0.2,0,0.4,0.6,1.4
107,DeMar DeRozan,SF,33,CHI,23,23,34.8,9,18,0.502,0.4,1.4,0.313,8.6,16.6,0.518,0.514,7,7.9,0.884,0.5,4,4.4,4.7,0.9,0.4,2,2.7,25.5
108,Moussa Diabaté,PF,21,LAC,5,0,10.6,1.4,2.2,0.636,0,0,,1.4,2.2,0.636,0.636,1.4,1.6,0.875,2,1.8,3.8,0.2,0.4,0.2,0.6,1,4.2
109,Mamadi Diakite,PF,26,CLE,10,2,8.1,1,2.1,0.476,0.4,1.2,0.333,0.6,0.9,0.667,0.571,0,0,,0.3,0.8,1.1,0.2,0.2,0.4,0.5,1.1,2.4
110,Hamidou Diallo,SG,24,DET,24,0,15.4,2.5,5.1,0.488,0.1,0.5,0.154,2.4,4.6,0.527,0.496,1.5,2.3,0.636,1,1.9,2.8,1,0.5,0.2,0.9,2.1,6.5
111,Gorgui Dieng,C,33,SAS,11,1,10.6,1.5,3.4,0.432,0.7,2.5,0.296,0.7,0.9,0.8,0.541,0.3,0.4,0.75,0.8,2,2.8,1.7,0.1,0.5,1,1.7,3.9
112,Ousmane Dieng,SF,19,OKC,13,0,15.5,1.5,3.9,0.373,0.5,2.3,0.233,0.9,1.6,0.571,0.441,0.1,0.3,0.25,0.3,2.4,2.7,1.5,0.3,0.3,0.4,0.7,3.5
113,Spencer Dinwiddie,PG,29,DAL,22,22,31.7,6,12.8,0.466,2.6,6.5,0.396,3.4,6.2,0.54,0.568,1.8,2.2,0.796,0.3,2.8,3.1,5,1,0.2,1.6,2.2,16.3
114,Donte DiVincenzo,SG,26,GSW,16,1,17,1.6,4.4,0.357,1,3.2,0.314,0.6,1.2,0.474,0.471,0.6,0.7,0.818,0.5,2.3,2.8,2.2,0.9,0.1,1.3,1.8,4.7
115,Luka Dončić,PG,23,DAL,21,21,37.1,11.5,22.8,0.506,2.7,8,0.337,8.8,14.7,0.599,0.566,7.6,10.6,0.717,0.9,7.8,8.6,8.6,1.9,0.6,3.6,2.9,33.4
116,Tyler Dorsey,SG,26,DAL,1,0,4,4,4,1,1,1,1,3,3,1,1.125,0,0,,1,1,2,0,0,0,0,0,9
117,Luguentz Dort,SG,23,OKC,23,23,30.6,5,12.1,0.414,1.7,5.3,0.328,3.3,6.8,0.481,0.486,2.6,3.3,0.766,1.6,2.8,4.4,2.3,1.2,0.3,1.4,3.3,14.3
118,Ayo Dosunmu,PG,23,CHI,22,20,28.4,4.3,8.3,0.516,1,3,0.333,3.3,5.3,0.621,0.577,0.8,0.9,0.9,0.5,2.8,3.4,2.9,0.6,0.4,1.5,2.5,10.4
119,Devon Dotson,PG,23,WAS,2,0,10.5,0,1.5,0,0,0.5,0,0,1,0,0,0,0,,1.5,0.5,2,1,0.5,0,0,1.5,0
120,Jeff Dowtin,PG,25,TOR,8,0,8,1.1,2.1,0.529,0.1,0.5,0.25,1,1.6,0.615,0.559,0.1,0.1,1,0.5,0.8,1.3,1,0,0.1,0.1,0.5,2.5
121,Goran Dragić,PG,36,CHI,22,0,17.4,3.1,7.1,0.436,1.1,2.7,0.417,2,4.4,0.448,0.516,0.8,1.2,0.654,0.5,1.2,1.7,3.2,0.3,0.2,1.3,1.4,8.1
122,Andre Drummond,C,29,CHI,17,0,14.2,2.8,5.1,0.54,0,0.1,0,2.8,5,0.553,0.54,1,1.5,0.654,2.6,5.1,7.7,0.8,0.5,0.4,1.2,2,6.5
123,Chris Duarte,SF,25,IND,9,5,19.7,3.1,7.9,0.394,1.4,4.2,0.342,1.7,3.7,0.455,0.486,1.2,1.3,0.917,0.4,1.7,2.1,1,0.1,0.4,0.9,1.8,8.9
124,David Duke Jr.,SG,23,BRK,13,0,7.8,1.2,2.7,0.457,0,0.3,0,1.2,2.4,0.516,0.457,0.2,0.3,0.75,0.3,0.6,0.9,0.7,0.3,0.1,0.7,1.5,2.7
125,Kevin Durant,PF,34,BRK,25,25,36.9,10.6,19.2,0.553,1.6,4.6,0.339,9,14.6,0.621,0.594,7.1,7.8,0.918,0.4,6.3,6.6,5.4,0.7,1.8,3.4,2.5,29.9
126,Jalen Duren,C,19,DET,22,0,21.6,2.8,4.7,0.592,0,0,0,2.8,4.6,0.598,0.592,0.9,2,0.465,2.9,3.8,6.7,0.6,0.6,0.9,1,2.4,6.5
127,Tari Eason,PF,21,HOU,23,0,18.6,3.2,7.7,0.418,0.7,1.9,0.341,2.6,5.8,0.444,0.46,1.3,1.6,0.833,2.2,3.2,5.4,0.9,1.3,0.4,0.8,2.2,8.4
128,Anthony Edwards,SG,21,MIN,23,23,36.5,8.3,18.1,0.462,2.6,7.4,0.345,5.8,10.7,0.543,0.532,3.7,4.9,0.761,0.6,5,5.6,3.8,1.7,0.4,3.2,2.8,23
129,Kessler Edwards,SF,22,BRK,12,0,3.3,0.3,1.1,0.231,0.2,0.6,0.286,0.1,0.5,0.167,0.308,0.1,0.2,0.5,0.2,0.3,0.4,0.2,0.2,0.1,0.1,0.1,0.8
130,Keon Ellis,SG,23,SAC,1,0,2,0,0,,0,0,,0,0,,,0,0,,0,0,0,0,0,0,0,1,0
131,Joel Embiid,C,28,PHI,15,15,35.3,10.3,20.1,0.51,0.9,3.5,0.269,9.3,16.7,0.56,0.533,9.9,11.8,0.842,1.5,8.2,9.7,5.1,1.1,1.7,4.1,3.1,31.4
132,Drew Eubanks,C,25,POR,22,3,17.5,2.2,3.1,0.71,0,0,0,2.2,3.1,0.721,0.71,1,1.5,0.676,1.6,2.6,4.2,0.9,0.5,1,0.8,1.9,5.5
133,Bruno Fernando,C,24,HOU,7,3,13.3,2.6,3.4,0.75,0,0,,2.6,3.4,0.75,0.75,0.6,0.9,0.667,1.6,2.3,3.9,1.4,0.6,0.9,0.7,1.9,5.7
134,Dorian Finney-Smith,PF,29,DAL,22,22,33.1,3.1,7.8,0.404,1.8,5.4,0.328,1.4,2.4,0.577,0.518,0.6,0.9,0.737,1.3,2.9,4.2,1,1,0.5,1,1.8,8.7
135,Malachi Flynn,PG,24,TOR,15,1,11.3,2,4.7,0.429,1.1,2.4,0.472,0.9,2.3,0.382,0.55,0.7,0.7,0.909,0.1,1.1,1.2,1.2,0.4,0.1,0.6,1.6,5.8
136,Simone Fontecchio,SF,27,UTA,15,0,8.9,1.3,3.3,0.388,0.9,2.3,0.4,0.3,0.9,0.357,0.531,0.4,0.6,0.667,0.5,0.7,1.2,0.4,0.1,0.2,0.5,0.9,3.9
137,Bryn Forbes,SG,29,MIN,12,0,10.3,1.3,3.8,0.333,0.5,2,0.25,0.8,1.8,0.429,0.4,0.6,0.6,1,0.3,0.3,0.5,0.8,0.6,0,0.4,0.8,3.6
138,Trent Forrest,PG,24,ATL,8,0,7.8,0.6,1.3,0.5,0,0,,0.6,1.3,0.5,0.5,0,0,,0.3,0.6,0.9,1.1,0.3,0,0.3,0.5,1.3
139,Michael Foster Jr.,PF,20,PHI,1,0,1,0,0,,0,0,,0,0,,,0,0,,0,0,0,0,0,0,0,0,0
140,Evan Fournier,SG,30,NYK,13,7,20,2.4,6.9,0.344,1.5,4.4,0.333,0.9,2.5,0.364,0.45,0.7,0.8,0.818,0.2,1.9,2.1,1.7,0.7,0.2,1.1,2.2,6.9
141,De'Aaron Fox,PG,25,SAC,21,21,31.7,8.6,16.6,0.516,1.9,5,0.377,6.7,11.6,0.576,0.573,4.1,5,0.819,0.5,4.6,5.1,5.8,1.1,0.5,2.6,2.5,23.1
142,Markelle Fultz,SG,24,ORL,3,3,21.7,3.7,8.3,0.44,0,0.7,0,3.7,7.7,0.478,0.44,1,1.3,0.75,1.3,1.3,2.7,4.7,1,0.3,2,1.3,8.3
143,Wenyen Gabriel,PF,25,LAL,20,2,13.6,2,3.4,0.597,0.2,0.7,0.308,1.8,2.7,0.667,0.627,0.9,1.1,0.818,1.3,2.4,3.7,0.7,0.6,0.5,0.7,1.8,5.1
144,Daniel Gafford,C,24,WAS,24,0,13.3,2.4,3.3,0.722,0,0,,2.4,3.3,0.722,0.722,1.1,2,0.574,1.7,2.5,4.2,0.4,0.3,1.1,0.9,1.8,5.9
145,Darius Garland,PG,23,CLE,18,18,35.9,7.5,17.3,0.434,2.8,6.9,0.408,4.7,10.3,0.452,0.516,4.4,5.1,0.859,0.3,1.9,2.2,7.7,1.2,0.2,3.3,2,22.2
146,Usman Garuba,PF,20,HOU,21,1,15.8,1.5,2.6,0.582,0.3,0.5,0.636,1.2,2.1,0.568,0.645,0.7,1.1,0.583,1.9,3.2,5.1,1.1,0.9,0.8,0.9,2,4
147,Luka Garza,C,24,MIN,1,0,1,0,0,,0,0,,0,0,,,0,0,,0,0,0,0,0,0,0,0,0
148,Rudy Gay,SF,36,UTA,12,0,15.8,1.8,4.8,0.362,0.8,2.8,0.265,1,2,0.5,0.44,0.3,0.5,0.5,0.5,2.9,3.4,0.8,0.4,0.5,0.8,1.3,4.5
149,Paul George,SF,32,LAC,16,16,34.3,8.3,18,0.458,2.8,7.6,0.372,5.4,10.4,0.521,0.536,4.3,5.1,0.852,0.5,5.5,6,4.3,1.6,0.4,3.6,2.7,23.6
150,Taj Gibson,PF,37,WAS,12,0,6.4,1,2.1,0.48,0.1,0.5,0.167,0.9,1.6,0.579,0.5,0.7,0.7,1,0.5,1,1.5,0.3,0.3,0.2,0.3,1.2,2.8
151,Josh Giddey,SG,20,OKC,20,20,30.6,6.4,14.1,0.456,0.9,3.1,0.274,5.6,11,0.507,0.486,1.1,1.6,0.677,1.7,6,7.7,5.6,0.6,0.5,3.4,2.4,14.7
152,Shai Gilgeous-Alexander,SG,24,OKC,21,21,35.8,10.7,21,0.509,1,3,0.344,9.7,18,0.537,0.534,8.7,9.4,0.924,1,3.7,4.7,6,1.8,1.2,3.2,2.4,31.1
153,Anthony Gill,PF,30,WAS,20,4,12,1.3,2.4,0.542,0.1,0.7,0.154,1.2,1.8,0.686,0.563,0.6,0.7,0.846,0.7,1,1.7,0.6,0.2,0.3,0.2,1.5,3.3
154,Rudy Gobert,C,30,MIN,21,21,30.5,4.9,7.5,0.652,0,0.1,0,4.9,7.4,0.66,0.652,3.4,4.7,0.717,3.7,7.8,11.4,0.8,0.7,1.3,1.5,3,13.2
155,Jordan Goodwin,PG,24,WAS,17,1,20.6,2.6,5.4,0.495,0.8,1.6,0.481,1.9,3.8,0.5,0.566,0.6,1,0.647,1.2,2.8,4,2.8,0.8,0.8,0.9,1.9,6.7
156,Aaron Gordon,PF,27,DEN,20,20,29.2,6.2,10.2,0.608,1.1,2.8,0.375,5.2,7.4,0.696,0.659,2.7,4.2,0.631,2.4,4.3,6.7,2.3,0.7,0.9,1.4,1.8,16.1
157,Eric Gordon,SG,34,HOU,19,19,29.5,4.1,9.4,0.438,1.8,5.3,0.35,2.3,4.1,0.551,0.537,2.2,2.5,0.872,0.3,1.6,1.9,2.5,0.7,0.4,1.9,0.7,12.2
158,Devonte' Graham,PG,27,NOP,23,0,16.1,1.7,4.7,0.374,1.6,4,0.396,0.2,0.7,0.25,0.542,0.8,1,0.783,0.2,1.3,1.5,2.2,0.5,0.3,0.6,0.8,5.8
159,Jerami Grant,PF,28,POR,23,23,36.3,7.5,15.7,0.475,2.8,6.1,0.461,4.7,9.6,0.484,0.565,5.2,6.7,0.778,0.9,3.3,4.1,2.8,0.8,0.9,1.9,2.3,23
160,A.J. Green,SG,23,MIL,7,0,5.3,0.4,1.1,0.375,0.4,1,0.429,0,0.1,0,0.563,0.3,0.3,1,0.1,0.9,1,0.3,0.1,0,0.1,0.7,1.6
161,Draymond Green,PF,32,GSW,22,22,30.9,3.6,6.1,0.585,0.5,1.5,0.333,3.1,4.6,0.667,0.626,1.2,1.6,0.722,0.6,5.5,6.2,7.1,0.9,0.8,2.5,3.3,8.9
162,Jalen Green,SG,20,HOU,23,23,34.2,7.3,17.6,0.413,2.5,7.5,0.331,4.8,10.1,0.474,0.484,4.3,5.5,0.787,0.6,3.4,4,3.8,0.8,0.2,3.2,1.7,21.3
163,JaMychal Green,PF,32,GSW,21,0,15.4,2.3,4.7,0.495,0.3,1.6,0.176,2,3.1,0.662,0.525,0.5,0.6,0.846,1.5,2.5,4,0.7,0.6,0.4,1,2.1,5.5
164,Javonte Green,SG,29,CHI,22,1,16.4,2.3,4,0.586,0.5,1.2,0.37,1.9,2.7,0.683,0.644,0.9,1.4,0.645,1,2.1,3.1,0.8,1,0.7,0.6,1.6,6
165,Jeff Green,PF,36,DEN,16,3,19.9,2.9,5.6,0.528,0.3,1.3,0.25,2.6,4.3,0.609,0.556,1.8,2.3,0.778,0.8,1.8,2.6,1.2,0.4,0.2,1,2.1,7.9
166,Josh Green,SG,22,DAL,22,1,19.7,2.3,3.9,0.581,1,2.3,0.46,1.2,1.6,0.75,0.715,1.2,1.8,0.675,0.9,1.4,2.2,1,1,0,0.7,2.5,6.8
167,AJ Griffin,SF,19,ATL,19,2,18.7,3.8,7.8,0.493,1.5,4,0.382,2.3,3.8,0.611,0.591,0.4,0.4,1,0.8,1.2,2,0.7,1.1,0.1,0.7,1.1,9.6
168,Blake Griffin,PF,33,BOS,8,3,12.5,1.5,3,0.5,0.5,1.3,0.4,1,1.8,0.571,0.583,0.6,0.8,0.833,1,2,3,0.8,0.3,0,0.6,1.9,4.1
169,Quentin Grimes,SG,22,NYK,14,9,21.1,2.3,5.1,0.444,0.8,2.9,0.268,1.5,2.2,0.677,0.521,0.3,0.4,0.8,0.7,2.1,2.8,1.7,0.6,0.3,0.9,2.4,5.6
170,Rui Hachimura,PF,24,WAS,16,0,23.5,4.8,9.9,0.481,0.8,2.3,0.333,4,7.6,0.525,0.519,1.3,1.8,0.724,0.8,4.1,4.8,1.1,0.3,0.5,1.4,1.1,11.6
171,Tyrese Haliburton,PG,22,IND,22,22,33.2,7,15.3,0.461,2.6,7.1,0.369,4.4,8.1,0.542,0.548,2.4,2.8,0.839,0.8,3.9,4.7,10.9,1.8,0.3,2.6,1.1,19.1
172,Jordan Hall,SF,21,SAS,9,0,9.2,1,3.1,0.321,0.3,1.7,0.2,0.7,1.4,0.462,0.375,0.8,1,0.778,0.3,1,1.3,1.2,0.1,0,0.8,0.7,3.1
173,R.J. Hampton,PG,21,ORL,20,0,16,2.3,5.2,0.442,0.9,2.4,0.354,1.5,2.8,0.518,0.524,1.4,1.6,0.871,0.4,1.2,1.6,1.6,0.8,0.2,1,1,6.8
174,Tim Hardaway Jr.,SG,30,DAL,21,4,25,4,11.2,0.356,2.6,7.5,0.344,1.4,3.8,0.38,0.47,1.8,2.1,0.844,0.3,2.2,2.5,2,0.8,0.2,0.9,1.3,12.4
175,James Harden,SG,33,PHI,9,9,36.8,7,15.9,0.441,2.2,6.7,0.333,4.8,9.2,0.518,0.51,5.8,6.2,0.929,0.6,6.4,7,10,1.1,0.7,2.9,2,22
176,Jaden Hardy,SG,20,DAL,4,0,4.3,0.5,2.5,0.2,0.3,1.3,0.2,0.3,1.3,0.2,0.25,0,0,,0,0.8,0.8,0.3,0,0,0.5,0.8,1.3
177,Ron Harper Jr.,SF,22,TOR,2,0,4,1,2,0.5,1,1.5,0.667,0,0.5,0,0.75,0,0,,0,0.5,0.5,0,0,0,0,0,3
178,Montrezl Harrell,C,29,PHI,19,5,12.4,1.8,3.3,0.54,0,0,,1.8,3.3,0.54,0.54,1.8,2.5,0.745,1.1,1.9,3.1,0.5,0.2,0.4,0.7,1.2,5.4
179,Gary Harris,SG,28,ORL,6,3,25.8,3.8,8,0.479,1.7,3.8,0.435,2.2,4.2,0.52,0.583,1,1,1,0.8,1.8,2.7,2,0.7,0.3,1.5,2.2,10.3
180,Joe Harris,SG,31,BRK,23,14,26.1,3,7.7,0.398,2,5.4,0.368,1,2.2,0.471,0.528,0.5,0.7,0.733,0.5,2.7,3.2,1.7,0.6,0.3,0.6,2.5,8.6
181,Kevon Harris,SG,25,ORL,17,0,12.6,1.3,3.2,0.4,0.4,1,0.353,0.9,2.2,0.421,0.455,1.2,1.4,0.833,1.1,1.3,2.4,0.5,0.4,0.1,0.8,1.4,4.1
182,Tobias Harris,PF,30,PHI,21,21,33.6,6.4,13.5,0.472,2,5.2,0.382,4.4,8.3,0.529,0.546,1.7,2,0.833,0.9,5.5,6.4,2.8,1.2,0.4,1.3,2.1,16.4
183,Josh Hart,SG,27,POR,22,22,35.5,3.5,7.3,0.484,0.6,2,0.326,2.9,5.4,0.542,0.528,1.9,2.5,0.732,1.9,6.5,8.5,4.2,1.5,0.1,1.7,2.8,9.6
184,Isaiah Hartenstein,C,24,NYK,24,7,20.9,2.7,5,0.533,0.2,0.8,0.222,2.5,4.3,0.588,0.55,0.9,1,0.84,3,3.9,6.9,0.8,0.8,1,0.9,2.6,6.4
185,Udonis Haslem,PF,42,MIA,4,0,6,0.3,1.5,0.167,0,0.3,0,0.3,1.3,0.2,0.167,0.3,0.5,0.5,0.5,0.5,1,0,0.3,0.3,0,1,0.8
186,Sam Hauser,PF,25,BOS,24,0,16.7,2.5,4.8,0.509,2,4.3,0.471,0.5,0.6,0.786,0.716,0.3,0.4,0.778,0.3,2.1,2.4,0.8,0.3,0.3,0.3,1.4,7.2
187,Jaxson Hayes,C,22,NOP,9,0,7.4,0.3,1.8,0.188,0,0.9,0,0.3,0.9,0.375,0.188,0.4,0.8,0.571,0.3,1.4,1.8,0.6,0.3,0.1,0.3,0.7,1.1
188,Killian Hayes,PG,21,DET,25,12,24.2,3.2,8.7,0.373,1,2.8,0.338,2.3,5.8,0.39,0.429,0.6,0.8,0.842,0.4,2.2,2.6,4.7,1.1,0.5,1.7,3,8.1
189,Gordon Hayward,SF,32,CHO,11,11,32.3,5.9,13.3,0.445,1.5,3.8,0.381,4.5,9.5,0.471,0.5,3,3.9,0.767,0.6,3.6,4.3,4.4,0.6,0.3,2.5,0.9,16.3
190,Juancho Hernangómez,PF,27,TOR,16,3,16.9,1.8,3.5,0.518,0.6,1.8,0.345,1.2,1.7,0.704,0.607,0.2,0.4,0.429,0.8,3.3,4.1,0.8,0.6,0.2,0.6,1.3,4.4
191,Willy Hernangómez,C,28,NOP,10,0,9.9,1.7,3.5,0.486,0,0.3,0,1.7,3.2,0.531,0.486,1.8,2.2,0.818,1.5,2.5,4,0.5,0.3,0.2,1.1,1,5.2
192,Tyler Herro,SG,23,MIA,15,15,33.2,6.9,15.7,0.441,2.6,7.2,0.361,4.3,8.5,0.508,0.523,2.4,2.7,0.878,0.6,5.8,6.4,4.1,0.7,0.5,2.7,1.8,18.9
193,Buddy Hield,SG,30,IND,23,23,31.3,5.9,14.1,0.42,3.4,9.3,0.369,2.5,4.8,0.518,0.542,1.6,1.9,0.86,1.1,3.6,4.7,2.6,1,0.4,2.2,2.2,16.9
194,Haywood Highsmith,SF,26,MIA,14,1,19.1,1.5,4.5,0.333,0.6,2.3,0.281,0.9,2.2,0.387,0.405,0.3,0.7,0.4,0.9,3.2,4.1,0.6,0.6,0.4,0.7,0.8,3.9
195,George Hill,PG,36,MIL,22,0,20.4,1.7,4.1,0.422,0.6,2,0.295,1.1,2.1,0.543,0.494,1.2,1.7,0.684,0.4,1.5,1.9,2.5,0.4,0.1,0.8,1.4,5.2
196,Malcolm Hill,SF,27,CHI,3,0,0.3,0,0,,0,0,,0,0,,,0,0,,0,0.3,0.3,0,0,0,0,0,0
197,Aaron Holiday,PG,26,ATL,21,1,17.1,1.7,4,0.424,0.7,1.4,0.467,1,2.6,0.4,0.506,0.5,0.6,0.769,0.4,1,1.4,1.4,0.6,0.1,0.8,1.7,4.6
198,Jrue Holiday,PG,32,MIL,17,16,32.3,7.1,15.8,0.448,2.2,6.3,0.346,4.9,9.5,0.516,0.517,2.1,2.4,0.875,1.2,3.8,5,7.4,1.6,0.5,3.1,2,18.4
199,Justin Holiday,SG,33,ATL,18,0,16.8,2.2,5.4,0.402,1.3,3.8,0.353,0.8,1.6,0.517,0.526,0,0,,0.1,0.9,0.9,0.9,0.2,0.3,0.6,1.7,5.7
200,Richaun Holmes,PF,29,SAC,12,0,10.6,1.3,2,0.667,0.1,0.2,0.5,1.3,1.8,0.682,0.688,0.3,0.5,0.667,0.7,1.4,2.1,0,0.2,0.1,0.4,1.6,3.1
201,Al Horford,C,36,BOS,20,20,31.6,4,7.4,0.537,2.1,4.4,0.466,1.9,3,0.644,0.677,0.3,0.4,0.625,1,5.3,6.3,2.8,0.5,1,0.8,2,10.2
202,Talen Horton-Tucker,SG,22,UTA,25,0,16.8,2.7,6.9,0.39,0.7,2.8,0.254,2,4,0.485,0.442,1.1,1.5,0.737,0.4,2.2,2.6,2.5,0.8,0.4,1.4,1.5,7.2
203,Danuel House Jr.,SF,29,PHI,21,2,18.3,1.6,3.4,0.472,0.7,2,0.357,0.9,1.4,0.633,0.576,1,1.3,0.75,0.2,1.8,2,0.8,0.3,0.2,0.6,1.2,5
204,Caleb Houstan,SF,20,ORL,19,1,18.7,1.4,3.8,0.375,1,2.7,0.365,0.4,1.1,0.4,0.507,0.4,0.5,0.8,0.6,1.9,2.5,0.8,0.2,0.1,0.3,1.7,4.3
205,Trevor Hudgins,PG,23,HOU,1,0,4,1,1,1,1,1,1,0,0,,1.5,0,0,,0,0,0,0,0,0,0,0,3
206,Kevin Huerter,SG,24,SAC,22,22,31.8,5.5,11.5,0.474,3,7.1,0.423,2.5,4.4,0.557,0.605,1.6,2.4,0.692,0.4,2.8,3.2,3.2,1,0.4,1.5,2.4,15.5
207,De'Andre Hunter,SF,25,ATL,21,21,30.9,5.4,12,0.447,1.3,3.8,0.354,4,8.3,0.489,0.502,2.8,3.5,0.808,0.7,3.3,4,1.1,0.3,0.1,1.3,3,14.9
208,Bones Hyland,PG,22,DEN,15,0,20.5,4.6,11.5,0.399,2.7,6.1,0.435,1.9,5.4,0.358,0.514,2.2,2.7,0.805,0.3,1.7,1.9,3.3,0.6,0.3,1.8,1.6,14.1
209,Serge Ibaka,PF,33,MIL,14,0,11.4,1.6,3.1,0.523,0.4,1,0.429,1.2,2.1,0.567,0.591,0.6,0.9,0.615,0.9,2,2.9,0.3,0,0.4,0.6,1.4,4.3
210,Brandon Ingram,SF,25,NOP,15,15,32.1,7.3,15.4,0.472,1.9,4,0.467,5.4,11.4,0.474,0.532,4.4,5.1,0.868,0.5,4.6,5.1,4.7,0.9,0.7,2.8,2.2,20.8
211,Kyrie Irving,PG,30,BRK,17,17,36.9,9.1,19.3,0.473,2.6,8,0.324,6.5,11.3,0.578,0.54,3.6,4,0.897,0.6,3.7,4.4,4.4,0.9,0.9,2.3,2.9,24.4
212,Jaden Ivey,SG,20,DET,21,20,31.8,5.6,13.5,0.413,1.5,4.8,0.31,4.1,8.7,0.47,0.468,3.3,4.5,0.734,1.1,3.7,4.9,4.3,1.2,0.3,2.7,2.9,15.9
213,Isaiah Jackson,PF,21,IND,22,3,16.3,2.6,4.7,0.548,0,0.2,0.25,2.5,4.5,0.56,0.553,2,2.9,0.698,1.6,3,4.5,1.1,0.5,1.2,1,2.5,7.2
214,Jaren Jackson Jr.,C,23,MEM,8,8,26.3,6.4,13.1,0.486,1.8,5.3,0.333,4.6,7.9,0.587,0.552,4.9,6.1,0.796,2.4,4.3,6.6,0.1,0.9,2.9,1.8,3.1,19.4
215,Justin Jackson,SF,27,BOS,9,0,5.1,0.2,1.1,0.2,0.2,1,0.222,0,0.1,0,0.3,0,0,,0,0.6,0.6,0.2,0.2,0.1,0,0.3,0.7
216,Reggie Jackson,PG,32,LAC,24,24,29.2,4.6,10.8,0.423,1.5,4.4,0.343,3.1,6.5,0.477,0.492,1.6,1.8,0.884,0.4,2.3,2.6,4.4,0.7,0.1,2.3,1.9,12.3
217,LeBron James,PF,38,LAL,16,16,35.4,10.2,21.9,0.466,2.4,7.4,0.331,7.8,14.5,0.534,0.521,3.3,4.6,0.716,1.4,7.1,8.6,6.6,1.2,0.6,3.4,2,26.1
218,Ty Jerome,SG,25,GSW,10,0,14.9,1.9,3.5,0.543,0.7,1.7,0.412,1.2,1.8,0.667,0.643,1.2,1.2,1,0.1,0.8,0.9,1.9,0.1,0.1,0.4,1.2,5.7
219,Isaiah Joe,SG,23,OKC,16,0,8.1,1.6,3.4,0.473,1.3,2.9,0.435,0.4,0.6,0.667,0.655,0.4,0.6,0.778,0.1,1.2,1.3,0.9,0.3,0.1,0.3,0.9,4.9
220,Alize Johnson,PF,26,SAS,3,0,8,1,2,0.5,0,0.7,0,1,1.3,0.75,0.5,0.3,0.7,0.5,0.7,2.3,3,0,0.3,0,1,0.3,2.3
221,Cameron Johnson,PF,26,PHO,8,8,25.3,4.6,10.4,0.446,2.8,6.4,0.431,1.9,4,0.469,0.578,1,1.4,0.727,0.6,2.8,3.4,1.8,1.1,0.4,0.3,1.8,13
222,Jalen Johnson,SF,21,ATL,21,1,14.2,2,4,0.482,0.2,1.3,0.185,1.7,2.8,0.621,0.512,0.5,0.7,0.667,0.5,2.7,3.2,0.9,0.7,0.3,0.4,1.4,4.6
223,James Johnson,PF,35,IND,7,0,8.9,0.9,2.3,0.375,0.1,1,0.143,0.7,1.3,0.556,0.406,0,0,,0,1.1,1.1,0.7,0.1,0.3,0.3,2.3,1.9
224,Keldon Johnson,SF,23,SAS,22,22,32.3,7.1,18.2,0.393,2.9,8.4,0.346,4.2,9.8,0.433,0.473,3.2,4.4,0.729,1,4.1,5.1,3.1,0.9,0.1,2.3,2,20.4
225,Keon Johnson,SG,20,POR,6,0,17.7,2.7,7.5,0.356,1.3,3.8,0.348,1.3,3.7,0.364,0.444,0.3,1,0.333,0.5,2,2.5,1.7,0.8,0.3,2.2,1.7,7
226,Nikola Jokić,C,27,DEN,20,20,32.2,8.7,13.7,0.635,0.8,2.4,0.34,7.9,11.4,0.696,0.664,5,6.2,0.806,2,8.2,10.1,8.9,1.3,0.6,3.3,3,23.2
227,Damian Jones,C,27,LAL,11,1,7.5,0.9,1.9,0.476,0,0.1,0,0.9,1.8,0.5,0.476,0.6,0.9,0.7,0.8,1.5,2.4,0.3,0.1,0.5,0.5,0.9,2.5
228,Derrick Jones Jr.,SF,25,CHI,18,0,12.8,1.5,3.4,0.443,0.2,1,0.222,1.3,2.4,0.535,0.475,1.6,1.8,0.848,0.9,1.4,2.3,0.4,0.4,0.7,0.4,1.3,4.8
229,Herbert Jones,SF,24,NOP,17,17,28.2,3.7,8.4,0.444,0.8,2.9,0.286,2.9,5.5,0.527,0.493,2.4,3.2,0.741,1.2,2.5,3.7,2.1,1.2,0.8,1.2,3.3,10.6
230,Kai Jones,C,22,CHO,14,0,9,1.1,2.5,0.457,0.1,0.6,0.222,1,1.9,0.538,0.486,0.4,0.6,0.625,0.7,1.2,1.9,0.2,0.2,0.5,0.2,0.9,2.8
231,Tre Jones,PG,23,SAS,23,23,30.2,4.5,10.9,0.416,0.8,2.6,0.305,3.7,8.3,0.45,0.452,2.3,2.5,0.912,0.7,2.7,3.4,6.9,1.5,0.2,2,1.9,12.1
232,Tyus Jones,PG,26,MEM,23,3,23.3,3.8,8.8,0.436,1.4,3.8,0.368,2.4,5,0.487,0.515,0.6,1,0.636,0.4,1.6,2,4.3,0.6,0.1,1,0.5,9.7
233,DeAndre Jordan,C,34,DEN,19,3,15.7,2.3,3,0.754,0.1,0.1,1,2.2,2.9,0.75,0.763,0.7,1.6,0.467,1.6,4.3,5.9,1,0.2,0.6,1.3,1.6,5.3
234,Cory Joseph,PG,31,DET,19,2,14.4,1.9,4.3,0.444,0.7,1.7,0.406,1.2,2.6,0.469,0.525,0.5,0.7,0.643,0.3,0.7,0.9,2.8,0.3,0.1,0.5,1.5,4.9
235,Nikola Jović,PF,19,MIA,10,6,16,2.1,5.3,0.396,0.5,2.5,0.2,1.6,2.8,0.571,0.443,1.8,1.9,0.947,0.7,1.9,2.6,1,0.6,0.1,0.8,1.2,6.5
236,Mfiondu Kabengele,PF,25,BOS,1,0,8,1,2,0.5,0,1,0,1,1,1,0.5,0,0,,3,1,4,0,0,0,0,1,2
237,Frank Kaminsky,C,29,ATL,10,0,6.1,0.7,1.2,0.583,0.3,0.6,0.5,0.4,0.6,0.667,0.708,0.4,0.4,1,0,1.2,1.2,0.6,0,0,0.3,1,2.1
238,Trevor Keels,SG,19,NYK,1,0,1,0,1,0,0,1,0,0,0,,0,0,0,,0,1,1,0,0,0,0,0,0
239,Luke Kennard,SG,26,LAC,14,7,21.3,2.9,5.7,0.513,1.6,3.4,0.479,1.3,2.3,0.563,0.656,0.2,0.2,1,0.3,2.6,2.9,0.6,0.6,0,1.1,1.4,7.7
240,Walker Kessler,C,21,UTA,23,0,15.8,2.4,3.2,0.757,0,0,,2.4,3.2,0.757,0.757,0.9,1.6,0.568,2,3.2,5.3,0.6,0.2,1.7,0.7,2,5.8
241,Braxton Key,SF,25,DET,3,0,3,0.3,0.3,1,0,0,,0.3,0.3,1,1,0.7,0.7,1,0,0.3,0.3,0,0,0,0,0,1.3
242,Corey Kispert,SF,23,WAS,16,9,26.6,3.5,6.4,0.544,1.9,4.1,0.462,1.6,2.4,0.684,0.689,0.9,1.2,0.737,0.5,1.8,2.3,1.8,0.6,0.2,0.6,1.5,9.8
243,Maxi Kleber,C,31,DAL,18,0,25.2,2.1,4.5,0.469,0.9,2.8,0.34,1.2,1.7,0.677,0.574,0.6,0.8,0.786,0.8,2.7,3.5,1.1,0.3,0.8,0.6,2.1,5.8
244,Nathan Knight,PF,25,MIN,9,0,2.7,0.1,0.3,0.333,0,0.1,0,0.1,0.2,0.5,0.333,0.3,0.6,0.6,0,0.7,0.7,0,0.3,0,0.2,0.2,0.6
245,Kevin Knox,SF,23,DET,18,0,13.3,1.8,4.1,0.446,0.9,2.6,0.34,0.9,1.5,0.63,0.554,0.4,0.6,0.636,0.5,1.9,2.4,0.4,0.3,0.4,0.4,1.4,4.9
246,Christian Koloko,C,22,TOR,23,11,16.8,1.5,3.3,0.455,0,0.3,0,1.5,3.1,0.493,0.455,1,1.6,0.649,1.8,1.9,3.7,0.4,0.2,1.2,0.6,2.7,4.1
247,John Konchar,SG,26,MEM,22,14,27.9,3.1,6.6,0.469,1.7,4.1,0.411,1.4,2.5,0.564,0.597,0.6,0.7,0.875,1.4,5.1,6.5,1.4,1.1,0.3,0.8,1.8,8.5
248,Furkan Korkmaz,SG,25,PHI,12,0,12.9,1.8,4,0.438,0.8,2,0.375,1,2,0.5,0.531,1.1,1.4,0.765,0.3,1,1.3,1.1,0.3,0.2,0.8,0.6,5.3
249,Luke Kornet,C,27,BOS,19,0,12.9,1.7,2.6,0.673,0.1,0.3,0.4,1.6,2.3,0.705,0.694,0.7,0.8,0.933,1.2,2.3,3.4,0.8,0.2,0.9,0.4,1.6,4.3
250,Vit Krejci,PG,22,ATL,10,0,5.4,0.5,1.1,0.455,0.3,0.9,0.333,0.2,0.2,1,0.591,0,0,,0.1,0.4,0.5,0.5,0,0.1,0.1,0.6,1.3
251,Jonathan Kuminga,PF,20,GSW,20,2,15.6,2,4.9,0.412,0.5,1.9,0.237,1.6,3,0.525,0.459,1,1.3,0.731,0.8,2.1,2.9,0.9,0.3,0.5,1.3,1.8,5.4
252,Kyle Kuzma,PF,27,WAS,23,23,34.5,7.8,17,0.459,2.2,7.3,0.305,5.6,9.8,0.573,0.524,2.7,3.7,0.738,1,6.7,7.7,3.6,0.4,0.5,2.5,2.7,20.6
253,Anthony Lamb,SF,25,GSW,16,2,18,2.3,4.1,0.545,1.1,2.6,0.429,1.1,1.5,0.75,0.682,0.1,0.2,0.667,0.7,2.6,3.3,1.6,0.6,0.1,1.1,2.4,5.8
254,Jock Landale,C,27,PHO,20,0,13.1,2.5,4.8,0.526,0.2,1.4,0.143,2.3,3.4,0.687,0.547,1.4,1.8,0.8,1.5,2.1,3.6,0.7,0.3,0.7,0.8,2.1,6.6
255,Romeo Langford,SG,23,SAS,13,2,18.1,2.2,4.9,0.453,0.2,1.3,0.176,2,3.6,0.553,0.477,0.8,1.3,0.647,1.7,1,2.7,0.7,0.5,0.3,0.8,1.8,5.5
256,Jake LaRavia,PF,21,MEM,16,0,18.4,1.8,4.4,0.414,1.2,3.1,0.388,0.6,1.3,0.476,0.55,0.3,0.3,1,0.8,2.3,3.1,1,0.6,0.2,0.9,2.1,5.1
257,Zach LaVine,SG,27,CHI,19,19,34.3,7.7,18.3,0.422,2.8,8.1,0.351,4.9,10.2,0.479,0.5,3.7,4.5,0.824,0.8,3.8,4.6,4.2,1.3,0.1,2.2,2.5,22
258,A.J. Lawson,SG,22,MIN,1,0,2,1,1,1,0,0,,1,1,1,1,0,0,,0,1,1,0,0,0,0,1,2
259,Damion Lee,SG,30,PHO,23,0,21.3,2.7,6,0.457,1.9,3.9,0.489,0.8,2.1,0.396,0.616,0.8,0.9,0.905,0.7,2.9,3.6,1.3,0.4,0,0.7,1.5,8.2
260,Saben Lee,PG,23,PHI,2,0,5,1.5,2,0.75,0,0.5,0,1.5,1.5,1,0.75,0,0,,0,0,0,1,0.5,0,1.5,0.5,3
261,Alex Len,C,29,SAC,7,0,3.3,0.7,1.1,0.625,0,0,,0.7,1.1,0.625,0.625,0.1,0.3,0.5,0.4,0.7,1.1,0.1,0,0,0,0.4,1.6
262,Kawhi Leonard,SF,31,LAC,5,3,22.4,3.8,9,0.422,0.4,3,0.133,3.4,6,0.567,0.444,2,2.6,0.769,0.8,3.2,4,3.4,0.6,0.2,1,1.4,10
263,Caris LeVert,SG,28,CLE,20,14,31,3.8,10.2,0.373,1.5,4.1,0.366,2.3,6.1,0.377,0.446,2.1,2.7,0.792,1,3.5,4.5,4.5,0.8,0.1,1.9,2.3,11.2
264,Damian Lillard,PG,32,POR,12,12,34.9,7.6,17.9,0.423,3.5,10.1,0.347,4.1,7.8,0.521,0.521,7.2,8.2,0.878,0.8,3.4,4.3,6.9,0.6,0.3,3.8,1.8,25.8
265,Nassir Little,PF,22,POR,21,0,15.3,2,4.3,0.473,0.8,2,0.372,1.3,2.3,0.563,0.56,0.7,1,0.667,0.3,2,2.4,0.9,0.4,0.1,0.7,0.8,5.5
266,Isaiah Livers,PF,24,DET,22,7,19.5,1.9,4.7,0.404,1.3,3.7,0.358,0.6,1,0.565,0.543,0.7,0.9,0.75,0.5,1.8,2.3,0.6,0.4,0.5,0.6,1.9,5.8
267,Kenneth Lofton Jr.,PF,20,MEM,4,0,4.8,1.3,3,0.417,0,0.3,0,1.3,2.8,0.455,0.417,0.3,0.8,0.333,0.3,0.5,0.8,0.8,0,0,0.3,0.8,2.8
268,Kevon Looney,C,26,GSW,24,24,23,2.8,4.2,0.66,0,0,,2.8,4.2,0.66,0.66,0.9,1.5,0.583,2.3,5,7.3,3,0.4,0.5,0.4,2.8,6.4
269,Brook Lopez,C,34,MIL,22,22,31.1,5.6,11.2,0.498,2.4,5.8,0.417,3.2,5.5,0.583,0.605,1.7,2,0.822,1.6,4.3,5.9,1.1,0.6,3,1.3,2.2,15.3
270,Robin Lopez,C,34,CLE,18,1,9.6,1.4,2.2,0.65,0,0,,1.4,2.2,0.65,0.65,0.5,0.7,0.75,0.9,0.5,1.4,0.4,0.1,0.1,0.7,1.3,3.4
271,Kevin Love,PF,34,CLE,18,1,20.9,3.2,7.7,0.42,2.2,5.5,0.394,1.1,2.2,0.487,0.562,1.8,2.1,0.868,0.7,6.7,7.4,2.4,0.2,0.2,1.3,1.4,10.4
272,Kyle Lowry,PG,36,MIA,23,23,36.5,4.5,11.1,0.402,2.3,6.7,0.351,2.1,4.4,0.48,0.508,3.5,4.1,0.862,0.8,4,4.8,6,1,0.6,2.6,2.9,14.8
273,Trey Lyles,PF,27,SAC,17,0,14.2,2.1,5.1,0.407,1.2,3.6,0.344,0.8,1.5,0.56,0.529,0.9,1.3,0.727,1,1.8,2.8,0.8,0.4,0.4,1,1.2,6.3
274,Théo Maledon,PG,21,CHO,21,1,16.8,2,4.2,0.461,0.6,1.6,0.382,1.3,2.6,0.509,0.534,1,1.1,0.87,0.2,2.2,2.4,2.5,0.8,0.2,1.1,1,5.5
275,Sandro Mamukelashvili,C,23,MIL,10,0,6.5,0.8,2.3,0.348,0.2,1.2,0.167,0.6,1.1,0.545,0.391,0.5,1,0.5,0.3,1.4,1.7,0.1,0,0.1,0.2,0.5,2.3
276,Terance Mann,SG,26,LAC,24,12,21.5,3.3,6,0.549,0.6,1.8,0.318,2.7,4.2,0.65,0.597,1,1.4,0.706,0.9,2.5,3.3,1.8,0.6,0.2,1,1.9,8.2
277,Tre Mann,PG,21,OKC,20,4,22.4,3.7,9.7,0.381,1.5,5.2,0.288,2.2,4.5,0.489,0.459,0.6,0.9,0.647,0.6,2.3,2.8,1.9,0.9,0.1,1.1,1.8,9.5
278,Boban Marjanović,C,34,HOU,7,0,3.6,0.4,1,0.429,0,0.1,0,0.4,0.9,0.5,0.429,0.6,0.9,0.667,0.1,0.9,1,0.1,0.1,0.1,0.3,0.1,1.4
279,Lauri Markkanen,SF,25,UTA,26,26,33.9,8,15.1,0.528,2.7,6.4,0.413,5.3,8.7,0.613,0.616,3.7,4.4,0.833,2.2,6.3,8.5,2.2,0.6,0.7,2.2,2,22.2
280,Naji Marshall,SF,25,NOP,21,4,20.3,2.5,6,0.416,0.8,2.5,0.327,1.7,3.5,0.479,0.484,1.1,1.4,0.793,0.8,2.2,3,2.1,0.7,0.2,0.9,1.2,6.9
281,Caleb Martin,PF,27,MIA,22,22,32.1,4.4,9.1,0.483,1.4,3.4,0.405,3,5.8,0.528,0.557,1,1.4,0.767,1.8,3.2,5,2,1.2,0.4,1.1,1.9,11.2
282,Cody Martin,SF,27,CHO,1,0,1,0,0,,0,0,,0,0,,,0,0,,0,0,0,0,0,0,0,0,0
283,Kenyon Martin Jr.,SF,22,HOU,23,6,24.7,4.2,7.8,0.536,0.9,2.9,0.313,3.3,4.9,0.67,0.595,1.6,2.3,0.685,1.5,3.7,5.2,1.4,0.4,0.4,1.2,1.7,10.9
284,Tyrese Martin,SG,23,ATL,7,0,3,0.4,0.9,0.5,0.1,0.4,0.333,0.3,0.4,0.667,0.583,0,0,,0.3,0.3,0.6,0,0.1,0,0,0.1,1
285,Garrison Mathews,SG,26,HOU,20,0,13.8,1.4,3.5,0.386,1.3,3.4,0.388,0.1,0.2,0.333,0.571,1.1,1.2,0.957,0.1,1.1,1.2,0.5,0.5,0.1,0.4,1.5,5.1
286,Bennedict Mathurin,SG,20,IND,23,0,28,5.8,13.6,0.425,2.1,5.3,0.393,3.7,8.3,0.445,0.502,4.8,6,0.804,1.3,2.7,3.9,1.6,0.7,0.1,1.9,2,18.5
287,Wesley Matthews,SG,36,MIL,18,0,15.5,1,3.3,0.305,0.8,2.6,0.298,0.2,0.7,0.333,0.424,0.4,0.4,0.875,0.8,1.1,1.9,0.6,0.5,0.2,0.3,1.7,3.2
288,Tyrese Maxey,SG,22,PHI,15,15,36.4,8.4,18.2,0.462,2.9,6.8,0.422,5.5,11.4,0.485,0.54,3.2,4.3,0.738,0.4,3.1,3.5,4.4,1,0.3,2,2.3,22.9
289,Miles McBride,PG,22,NYK,12,0,6.8,0.8,2.3,0.321,0.1,1.3,0.067,0.7,1.1,0.615,0.339,0.2,0.5,0.333,0,0.3,0.3,1.3,0.4,0,0.3,0.8,1.8
290,CJ McCollum,SG,31,NOP,19,19,34.9,6.8,17.2,0.398,2.2,6.7,0.331,4.6,10.5,0.44,0.462,1.5,1.8,0.8,0.9,3.9,4.9,6,1.1,0.5,2,1.7,17.4
291,T.J. McConnell,PG,30,IND,21,0,18,2.5,5.4,0.465,0.2,0.6,0.333,2.3,4.9,0.48,0.482,0.5,0.6,0.917,0.7,1.9,2.5,4.3,1.2,0.2,1.8,1.2,5.8
292,Jaden McDaniels,PF,22,MIN,20,20,29.3,4.4,8.2,0.54,1.1,3,0.373,3.3,5.2,0.635,0.607,1.3,1.7,0.765,1.4,2,3.4,1.3,1.1,1.4,1.6,3.8,11.2
293,Jalen McDaniels,SF,25,CHO,23,5,26.1,3.7,8.5,0.441,1.3,3.5,0.37,2.4,5,0.491,0.518,1.4,1.7,0.842,1,3.7,4.7,2.1,0.9,0.6,1.4,3,10.2
294,Doug McDermott,SF,31,SAS,20,0,20.7,3.9,8.3,0.473,2,4.8,0.406,2,3.5,0.565,0.591,0.5,0.8,0.625,0.3,1.6,1.9,1.5,0.1,0.2,1,1.7,10.3
295,JaVale McGee,C,35,DAL,16,7,8.8,1.7,2.9,0.587,0,0,,1.7,2.9,0.587,0.587,0.7,1.3,0.55,0.7,1.8,2.5,0.3,0.2,0.6,1,1.1,4.1
296,Bryce McGowens,SG,20,CHO,8,0,11.5,1.3,2.9,0.435,0.5,1.1,0.444,0.8,1.8,0.429,0.522,1,1.1,0.889,0.3,1,1.3,1,0.3,0.4,0.4,0.3,4
297,Rodney McGruder,SG,31,DET,8,2,8.5,0.6,2.4,0.263,0.4,1.8,0.214,0.3,0.6,0.4,0.342,0.3,0.3,1,0.8,1,1.8,0.9,0,0,0.4,0.3,1.9
298,Jordan McLaughlin,PG,26,MIN,16,0,16.3,1.6,3.8,0.417,0.5,2,0.25,1.1,1.8,0.607,0.483,0.6,0.6,1,0.4,1.4,1.8,3.8,0.9,0.1,0.7,0.4,4.2
299,De'Anthony Melton,PG,24,PHI,21,14,28.3,4.2,10.3,0.406,2,5.5,0.357,2.2,4.9,0.461,0.5,0.7,1,0.667,1.1,3.1,4.3,3.2,2,0.5,1.8,2,11
300,Chimezie Metu,C,25,SAC,18,0,12.6,2.5,4,0.625,0.2,0.9,0.188,2.3,3.1,0.75,0.646,0.8,0.9,0.875,0.7,2.8,3.5,0.8,0.3,0.3,0.7,1.2,5.9
301,Khris Middleton,SF,31,MIL,1,1,27,6,11,0.545,3,4,0.75,3,7,0.429,0.682,2,2,1,0,2,2,7,0,0,0,3,17
302,Patty Mills,PG,34,BRK,20,0,11,1.5,3.6,0.423,1.1,2.8,0.382,0.5,0.8,0.563,0.57,0.5,0.5,1,0.3,0.6,0.8,1.1,0.2,0.1,0.4,0.5,4.6
303,Shake Milton,SG,26,PHI,19,8,24.2,4.6,8.7,0.524,0.9,2.3,0.386,3.7,6.4,0.574,0.575,1.7,2,0.868,0.8,2.6,3.4,3.6,0.3,0.2,1.9,1.4,11.8
304,Josh Minott,SF,20,MIN,1,0,5,1,1,1,0,0,,1,1,1,1,2,2,1,2,1,3,1,0,1,0,1,4
305,Davion Mitchell,PG,24,SAC,22,1,19.2,2.7,6,0.447,0.8,2.7,0.305,1.9,3.3,0.562,0.515,0.5,0.7,0.733,0.1,1.3,1.4,2.3,0.5,0.2,1,1.6,6.7
306,Donovan Mitchell,SG,26,CLE,22,22,36.5,9.8,20.1,0.488,3.9,9.2,0.421,6,11,0.544,0.584,4.9,5.5,0.885,0.8,3,3.9,4.9,1.4,0.5,3.1,2.5,28.4
307,Evan Mobley,PF,21,CLE,24,24,34.2,6.2,11,0.564,0.2,0.9,0.227,6,10.1,0.595,0.574,2.4,3.5,0.679,2.8,6.4,9.2,2.4,0.9,1.5,2.1,2.7,15
308,Isaiah Mobley,PF,23,CLE,7,0,3.6,0.6,1.1,0.5,0.1,0.3,0.5,0.4,0.9,0.5,0.563,0,0,,0.1,1.4,1.6,0,0.1,0,0,0.3,1.3
309,Chima Moneke,SF,27,SAC,2,0,4,0.5,1,0.5,0,0,,0.5,1,0.5,0.5,0,1,0,1,0,1,0.5,0,0,1,1,1
310,Malik Monk,SG,24,SAC,22,0,22.3,5.4,11,0.488,2.1,5.7,0.368,3.3,5.3,0.615,0.583,1.9,2.1,0.894,0.4,1.7,2.1,4.3,0.7,0.2,1.9,1.8,14.7
311,Moses Moody,SG,20,GSW,19,1,14.9,1.7,4,0.421,0.9,2.6,0.367,0.7,1.4,0.519,0.539,0.9,1.2,0.818,0.3,1.5,1.8,0.6,0.4,0.3,1,0.7,5.3
312,Wendell Moore Jr.,SG,21,MIN,6,2,8,1.2,2.7,0.438,0.3,1.3,0.25,0.8,1.3,0.625,0.5,0.3,0.5,0.667,0.2,0.8,1,0.5,0.2,0.2,0.7,1,3
313,Ja Morant,PG,23,MEM,20,20,33.3,9.9,21.4,0.464,1.9,5,0.37,8.1,16.4,0.492,0.507,6.8,9.2,0.743,1.3,5,6.3,7.5,1.1,0.3,3.8,1.9,28.5
314,Marcus Morris,PF,33,LAC,22,22,30,5.3,11.9,0.447,2,5.4,0.373,3.3,6.5,0.507,0.531,1,1.4,0.742,0.5,4.4,4.9,1.9,0.8,0.4,1,2.2,13.7
315,Markieff Morris,PF,33,BRK,14,0,10.4,1.1,2.9,0.39,0.9,2,0.464,0.2,0.9,0.231,0.549,0,0,,0.4,1.6,1.9,1,0.4,0.1,0.6,1.2,3.2
316,Monte Morris,PG,27,WAS,21,21,27.2,3.6,8,0.446,1.2,3.1,0.379,2.4,4.9,0.49,0.521,0.8,1.1,0.739,0.4,3.2,3.7,5,0.8,0.2,0.9,1.3,9.1
317,Trey Murphy III,SF,22,NOP,21,11,28.4,4.5,9.3,0.482,2.4,5.9,0.411,2,3.4,0.606,0.613,1.8,1.9,0.95,1.1,3.2,4.3,1.3,1.2,0.5,0.8,1.9,13.2
318,Dejounte Murray,SG,26,ATL,23,23,36.9,8.5,18.8,0.45,2.2,6.1,0.357,6.3,12.7,0.495,0.508,2.3,2.7,0.855,0.7,5,5.7,6.7,1.8,0.4,2.7,1.7,21.4
319,Jamal Murray,PG,25,DEN,19,19,29.8,6.8,15.5,0.442,2,5.3,0.38,4.8,10.2,0.474,0.507,2.3,2.9,0.782,0.5,3.2,3.7,4.9,0.9,0.3,2,1.3,17.9
320,Keegan Murray,SF,22,SAC,20,18,28.4,4.1,9.9,0.414,1.9,5.7,0.333,2.2,4.2,0.524,0.51,1.2,1.4,0.852,0.9,3.2,4.1,0.9,0.8,0.6,1.6,2.1,11.3
321,Mike Muscala,C,31,OKC,14,1,12.8,2.1,4.8,0.433,1,3.1,0.318,1.1,1.6,0.652,0.537,0.9,1.1,0.75,0.5,3,3.5,0.8,0.1,0.6,0.5,1.7,6
322,Svi Mykhailiuk,SF,25,NYK,7,0,3.3,0.6,1,0.571,0.6,0.7,0.8,0,0.3,0,0.857,0.1,0.4,0.333,0,0.7,0.7,0,0,0,0.1,0,1.9
323,Larry Nance Jr.,PF,30,NOP,21,0,22.2,3.9,5.9,0.661,0.3,0.8,0.412,3.6,5.1,0.701,0.69,0.9,1.2,0.76,1.6,3.7,5.2,1.7,0.8,0.8,1,2.1,9
324,Andrew Nembhard,SG,23,IND,18,9,22.8,2.9,6.4,0.461,1.4,3.5,0.397,1.6,2.9,0.538,0.57,0.6,0.6,1,0.5,2.1,2.6,3.7,0.9,0.2,1.2,2.6,7.8
325,Aaron Nesmith,SF,23,IND,19,10,21.8,2.6,7.1,0.366,1.4,4.1,0.338,1.2,3,0.404,0.463,1.2,1.5,0.821,0.5,2.7,3.2,1.3,0.8,0.5,1,2.9,7.7
326,Raul Neto,PG,30,CLE,15,0,8.9,1.1,2.4,0.472,0.3,0.9,0.308,0.9,1.5,0.565,0.528,0.5,0.5,0.875,0.1,0.7,0.9,1.1,0.4,0,0.4,0.6,3
327,Georges Niang,PF,29,PHI,23,0,19.7,3.4,7.3,0.462,2.3,5.3,0.431,1.1,2,0.543,0.618,0.6,0.7,0.867,0.2,1.9,2.1,1.1,0.4,0.3,0.8,2.1,9.7
328,Daishen Nix,PG,20,HOU,21,0,15.1,1.1,3.3,0.348,0.8,2.2,0.348,0.4,1.1,0.348,0.464,0.4,0.6,0.692,0.4,1.4,1.8,2.4,0.7,0.1,1.4,0.9,3.5
329,Zeke Nnaji,PF,22,DEN,17,0,9.8,1.9,3.2,0.582,0.2,0.8,0.214,1.7,2.4,0.707,0.609,0.5,0.6,0.8,0.9,0.5,1.4,0.2,0.2,0.1,0.5,1.5,4.4
330,Nerlens Noel,C,28,DET,6,0,10.3,0.7,2.2,0.308,0,0,,0.7,2.2,0.308,0.308,0.5,0.7,0.75,0.5,2.7,3.2,0.5,0.8,0.3,0.5,1.5,1.8
331,Jaylen Nowell,SG,23,MIN,23,0,18.1,4.4,10.2,0.432,1.3,4.2,0.32,3,6,0.511,0.498,1.3,1.7,0.795,0.7,2.1,2.8,2,0.6,0.1,1,1.5,11.5
332,Frank Ntilikina,PG,24,DAL,6,0,5.7,0.5,1.7,0.3,0.2,0.8,0.2,0.3,0.8,0.4,0.35,0,0,,0,1,1,0.5,0.3,0,0.3,0.7,1.2
333,Kendrick Nunn,PG,27,LAL,19,2,13.3,2.1,5.9,0.357,0.8,3,0.281,1.3,2.9,0.436,0.429,0.4,0.5,0.889,0.1,1.3,1.4,1.3,0.1,0.1,1.3,0.8,5.5
334,Jusuf Nurkić,C,28,POR,21,21,29.7,5.5,10.7,0.511,0.7,1.7,0.429,4.8,9,0.526,0.544,2.8,4,0.702,2.8,7.2,10,2.8,0.7,0.9,2.4,3.3,14.5
335,Jordan Nwora,SF,24,MIL,20,2,19.1,2.4,6.6,0.359,1.2,3.4,0.358,1.2,3.2,0.359,0.45,1.2,1.5,0.828,0.9,2.8,3.7,1.2,0.3,0.2,1,1.1,7.1
336,Royce O'Neale,SF,29,BRK,25,25,35.9,3.4,8.8,0.382,2.3,5.7,0.408,1,3.1,0.333,0.514,0.6,0.9,0.696,0.8,4.5,5.3,4.7,1.2,0.7,1.8,3.3,9.7
337,Chuma Okeke,PF,24,ORL,18,7,21.8,1.8,4.8,0.368,1,3.3,0.3,0.8,1.5,0.519,0.471,0.9,1.2,0.762,1.2,3.1,4.2,1.4,0.6,0.5,0.5,1.9,5.4
338,Josh Okogie,SG,24,PHO,19,0,7.3,0.7,2.3,0.302,0.1,0.9,0.056,0.6,1.3,0.48,0.314,0.4,0.6,0.667,0.8,1.2,2,0.6,0.5,0.3,0.5,1.1,1.8
339,Onyeka Okongwu,C,22,ATL,22,2,20.5,3.2,5,0.645,0,0.1,0,3.2,4.9,0.657,0.645,1.2,1.6,0.743,2.1,3.9,6,1,0.5,0.8,0.8,3,7.6
340,Isaac Okoro,SG,22,CLE,24,4,19.2,1.5,3.7,0.398,0.3,1.7,0.2,1.1,2,0.563,0.443,1,1.2,0.821,0.5,1.5,2.1,0.6,0.6,0.2,0.7,2.2,4.2
341,KZ Okpala,PF,23,SAC,14,3,9.3,0.8,1.6,0.478,0.2,0.6,0.333,0.6,1,0.571,0.543,0.4,0.4,1,0.4,1.1,1.5,0.6,0.2,0.2,0.2,1.2,2.2
342,Kelly Olynyk,PF,31,UTA,26,26,28.5,4.5,8,0.56,1.6,3.4,0.466,2.9,4.7,0.628,0.658,2.5,3.1,0.8,1.3,3.7,5,3.2,1.3,0.7,2.2,4.1,13
343,Eugene Omoruyi,SF,25,OKC,8,0,11.9,2.1,4.1,0.515,0.8,1.6,0.462,1.4,2.5,0.55,0.606,0.9,1.4,0.636,0.8,1,1.8,0.3,0.4,0,0.6,2.6,5.9
344,Cedi Osman,SF,27,CLE,24,0,23.2,3.3,7.3,0.454,1.4,4.1,0.347,1.9,3.2,0.592,0.552,1,1.5,0.714,0.3,2.8,3,1.7,0.4,0.1,1,1.9,9
345,Kelly Oubre Jr.,SF,27,CHO,23,23,32,7.4,17.2,0.43,2.2,7.2,0.309,5.2,10,0.517,0.495,2.8,3.8,0.736,1.5,3.7,5.2,1.2,1.7,0.3,1.1,3.2,19.8
346,Chris Paul,PG,37,PHO,10,10,30.2,2.8,7.6,0.368,0.9,3.3,0.273,1.9,4.3,0.442,0.428,3,3.4,0.882,0.5,4,4.5,9.4,1.7,0.2,1.5,2.3,9.5
347,Cameron Payne,PG,28,PHO,21,13,26,4.9,11.6,0.424,1.9,4.7,0.404,3,6.9,0.438,0.506,1.3,1.8,0.73,0.3,2.1,2.5,5.6,1,0.2,2.2,2.3,13
348,Theo Pinson,SG,27,DAL,6,0,3.5,0.2,0.7,0.25,0,0.5,0,0.2,0.2,1,0.25,0.3,0.3,1,0,1,1,0.3,0.2,0,0.2,0.2,0.7
349,Scotty Pippen Jr.,PG,22,LAL,2,0,4,0,1,0,0,0,,0,1,0,0,1.5,2,0.75,0.5,0.5,1,0,0,0,0.5,1,1.5
350,Mason Plumlee,C,32,CHO,23,23,27.6,3.5,6.1,0.574,0,0,,3.5,6.1,0.574,0.574,2.3,4,0.587,3,6,9,4.1,0.6,0.6,1.9,3.4,9.4
351,Jakob Poeltl,C,27,SAS,20,20,27.3,5.7,8.9,0.64,0,0,,5.7,8.9,0.64,0.64,1.5,2.8,0.518,3.9,6,9.9,3.5,0.9,1,2.4,2.3,12.9
352,Aleksej Pokusevski,PF,21,OKC,20,16,22.8,3.9,8.2,0.47,1.3,3.3,0.394,2.6,4.9,0.52,0.549,0.7,1.1,0.619,1.8,3.4,5.1,1.6,0.7,1.6,1.4,1.8,9.7
353,Jordan Poole,SG,23,GSW,24,5,27.3,5.8,13.4,0.433,2.4,7.2,0.337,3.4,6.2,0.544,0.523,2.7,3.3,0.833,0.3,1.7,1.9,4.5,0.9,0.3,2.9,2.3,16.7
354,Kevin Porter Jr.,PG,22,HOU,22,22,34.3,6.4,15.4,0.414,2,5.9,0.341,4.4,9.5,0.459,0.479,4.1,5.4,0.763,1.5,4.2,5.7,6,1.3,0.4,3.9,2.9,18.8
355,Michael Porter Jr.,SF,24,DEN,16,16,29.1,6,12.9,0.466,2.9,6.9,0.427,3.1,6,0.51,0.58,1.5,1.9,0.8,1.2,4.8,6,1.3,0.6,0.4,1.1,2.6,16.4
356,Otto Porter Jr.,SF,29,TOR,8,2,18.3,1.9,3.8,0.5,0.8,2.1,0.353,1.1,1.6,0.692,0.6,1,1,1,0.8,1.6,2.4,1,1.4,0,0.5,0.9,5.5
357,Bobby Portis,PF,27,MIL,22,6,26.9,5.7,12,0.479,1.2,3.9,0.318,4.5,8.1,0.556,0.53,1,1.3,0.786,2.5,8,10.4,2.4,0.4,0.3,1.1,1.8,13.7
358,Kristaps Porziņģis,PF,27,WAS,23,23,32.5,7.3,15.7,0.468,2.1,5.9,0.356,5.3,9.8,0.535,0.535,5,6.3,0.795,2.2,6.6,8.8,2.5,0.8,1.5,1.8,3.2,21.8
359,Micah Potter,PF,24,UTA,2,0,6,1,1,1,0,0,,1,1,1,1,0,0,,0.5,1,1.5,0.5,0,0,0,1,2
360,Dwight Powell,C,31,DAL,19,15,17.1,2.3,3.3,0.698,0,0.1,0,2.3,3.3,0.71,0.698,1.3,2.1,0.641,1.7,1.5,3.2,0.5,0.6,0.4,0.9,2.4,5.9
361,Norman Powell,SG,29,LAC,22,5,25.3,5.1,11.2,0.459,1.6,4.3,0.379,3.5,6.9,0.51,0.533,2.9,3.7,0.78,0.4,2.5,2.9,1.5,0.8,0.3,1.8,1.8,14.8
362,Jason Preston,PG,23,LAC,4,0,6.8,1.5,3.3,0.462,0.5,1.8,0.286,1,1.5,0.667,0.538,0,0.5,0,0.3,0.5,0.8,1.3,0,0,0.5,0.5,3.5
363,Joshua Primo,SG,20,SAS,4,0,23.3,2.3,6.5,0.346,0.8,3,0.25,1.5,3.5,0.429,0.404,1.8,2.3,0.778,0.5,2.8,3.3,4.5,0.3,0.5,2.8,2,7
364,Taurean Prince,SF,28,MIN,18,0,19.6,2.8,5.7,0.495,1.2,3,0.389,1.7,2.7,0.612,0.597,1.1,1.2,0.864,0.3,2.2,2.5,1.2,0.3,0.2,1.2,2.4,7.9
365,Payton Pritchard,PG,25,BOS,14,0,12.2,2,4.9,0.412,1,2.7,0.368,1,2.1,0.467,0.515,0.4,0.6,0.625,0.6,1,1.6,1.1,0.4,0.1,0.9,0.4,5.4
366,Trevelin Queen,PG,25,IND,1,0,13,0,2,0,0,2,0,0,0,,0,0,0,,1,0,1,1,1,0,2,0,0
367,Immanuel Quickley,PG,23,NYK,24,0,22.8,3.5,8.3,0.415,1.2,3.8,0.308,2.3,4.5,0.505,0.485,2,2.3,0.839,0.7,3.8,4.5,3,1,0.1,1.5,1.8,10
368,Julius Randle,PF,28,NYK,24,24,33.2,7.3,15.8,0.461,2.1,6.5,0.325,5.2,9.3,0.556,0.528,4.4,5.7,0.779,2.1,6.3,8.5,3.5,0.7,0.2,2.8,3.2,21.1
369,Austin Reaves,SG,24,LAL,22,8,28.7,3.2,6,0.534,1.1,2.8,0.387,2.1,3.2,0.662,0.624,2.9,3.1,0.913,0.7,2.5,3.2,2,0.4,0.3,1,1.4,10.4
370,Cam Reddish,SF,23,NYK,20,8,21.9,3.1,6.8,0.449,0.9,2.8,0.304,2.2,4,0.55,0.511,1.5,1.7,0.879,0.4,1.2,1.6,1,0.8,0.4,0.8,1.6,8.4
371,Davon Reed,SG,27,DEN,18,1,11.1,0.9,2.9,0.302,0.6,1.7,0.367,0.3,1.3,0.217,0.406,0.4,0.6,0.8,0.2,1.3,1.6,0.5,0.3,0.1,0.7,1.2,2.8
372,Paul Reed,C,23,PHI,20,0,12,1.5,2.6,0.588,0,0.2,0,1.5,2.4,0.625,0.588,0.3,0.4,0.75,1.4,2.7,4.1,0.6,1.1,0.7,0.8,2.4,3.3
373,Naz Reid,C,23,MIN,17,0,14.5,3.2,6.1,0.524,0.6,2.2,0.289,2.5,3.8,0.662,0.578,0.9,1.5,0.64,0.6,2.9,3.5,0.8,0.3,1,0.7,2.4,7.9
374,Nick Richards,C,25,CHO,23,0,19.3,3.6,5.9,0.61,0,0,,3.6,5.9,0.61,0.61,2.3,3.1,0.736,3,3.7,6.7,0.6,0.1,0.8,1,2.1,9.5
375,Josh Richardson,SG,29,SAS,17,2,22.8,3.5,8.6,0.404,1.7,4.7,0.363,1.8,3.9,0.455,0.503,1.6,1.9,0.844,0.4,1.8,2.2,3,0.7,0.1,1.7,1.8,10.2
376,Austin Rivers,SG,30,MIN,13,2,13,0.8,2.4,0.355,0.3,1.5,0.2,0.5,0.8,0.636,0.419,0.9,1,0.923,0,1.1,1.1,0.6,0.2,0.1,0.5,1,2.9
377,Duncan Robinson,SF,28,MIA,17,0,17.2,2.1,5.9,0.36,1.4,4.3,0.315,0.8,1.6,0.481,0.475,0.5,0.6,0.9,0.2,1.8,2.1,1.2,0.2,0,0.6,1.9,6.1
378,Mitchell Robinson,C,24,NYK,16,15,23.4,3.1,4.3,0.725,0,0,,3.1,4.3,0.725,0.725,0.8,1.9,0.419,3.6,4,7.6,0.8,0.6,1.9,0.6,3.1,7.1
379,Orlando Robinson,C,22,MIA,2,0,20,3,6.5,0.462,0,1.5,0,3,5,0.6,0.462,1,1.5,0.667,1,3.5,4.5,0.5,1,0.5,0.5,2.5,7
380,Jeremiah Robinson-Earl,PF,22,OKC,22,15,21,3.3,6.8,0.49,1.2,3.1,0.382,2.1,3.7,0.58,0.577,0.9,1.2,0.769,1.8,3.2,5,1,0.9,0.5,0.5,1.9,8.7
381,Isaiah Roby,PF,24,SAS,19,0,13.4,1.9,4.3,0.444,0.6,1.8,0.343,1.3,2.4,0.522,0.519,0.4,0.9,0.444,0.4,2.3,2.7,1.4,0.5,0.3,0.6,1.4,4.8
382,David Roddy,PF,21,MEM,23,0,18.7,2.3,5.8,0.391,1,3.2,0.315,1.3,2.6,0.483,0.477,0.6,0.8,0.684,0.7,1.9,2.6,0.6,0.3,0.2,0.7,1.5,6.1
383,Ryan Rollins,PG,20,GSW,7,0,6.1,0.7,2.1,0.333,0.4,1.1,0.375,0.3,1,0.286,0.433,0.3,0.3,1,0.1,0.9,1,0.4,0,0,1.7,1.3,2.1
384,Derrick Rose,PG,34,NYK,21,0,13.6,2.6,6.4,0.4,0.8,2.3,0.347,1.8,4.1,0.43,0.463,0.5,0.5,1,0.4,1.4,1.8,2,0.3,0.2,0.8,0.7,6.4
385,Terrence Ross,SG,31,ORL,21,8,24.5,3.5,8,0.44,1.7,4.3,0.4,1.8,3.7,0.487,0.548,0.4,0.6,0.692,0.3,1.9,2.1,1.3,0.8,0.2,1.2,1.6,9.2
386,Terry Rozier,PG,28,CHO,15,15,37.3,8.1,20.9,0.387,2.5,8.3,0.296,5.6,12.5,0.447,0.446,2.6,3.1,0.848,1.3,3.4,4.7,5.7,0.7,0.2,2.7,2,21.2
387,D'Angelo Russell,PG,26,MIN,23,23,31.5,5.5,12.7,0.436,1.9,6,0.319,3.6,6.7,0.542,0.512,2,2.6,0.78,0.7,2.7,3.3,6.7,1.3,0.6,2.7,2,15
388,Matt Ryan,SF,25,LAL,12,0,10.8,1.3,4.1,0.306,1.1,2.9,0.371,0.2,1.2,0.143,0.439,0.3,0.4,0.8,0.2,1,1.2,0.3,0.2,0,0.3,1.2,3.9
389,Domantas Sabonis,PF,26,SAC,22,22,32,6,10.1,0.599,0.5,1.2,0.37,5.6,8.9,0.631,0.622,4.2,5.5,0.754,2.2,8.8,11,6.5,0.7,0.5,2.5,3.8,16.7
390,Dario Šarić,PF,28,PHO,10,2,11.8,1.5,3.9,0.385,0.7,1.9,0.368,0.8,2,0.4,0.474,0.4,0.5,0.8,1.3,2,3.3,1.1,0.3,0.2,0.6,1.8,4.1
391,Jordan Schakel,SF,24,WAS,2,0,3,0.5,1,0.5,0.5,0.5,1,0,0.5,0,0.75,0,0,,0,0,0,0.5,0.5,0,0,0.5,1.5
392,Admiral Schofield,PF,25,ORL,13,0,11.8,1.4,3.1,0.45,0.7,1.9,0.36,0.7,1.2,0.6,0.563,0.5,0.5,1,0.7,0.8,1.5,0.6,0.1,0.1,0.3,2.1,3.9
393,Dennis Schröder,PG,29,LAL,8,5,25.9,2.6,6.6,0.396,0.6,2,0.313,2,4.6,0.432,0.443,2,2.3,0.889,0.1,1.6,1.8,4.1,0.8,0,1.1,1.6,7.9
394,Dereon Seabron,SG,22,NOP,2,0,1.5,0,0,,0,0,,0,0,,,0,0,,0,0,0,0,0,0,0,0,0
395,Alperen Şengün,C,20,HOU,20,17,26.4,5.8,10.4,0.56,0.2,1.1,0.19,5.6,9.3,0.602,0.57,3.4,4.3,0.791,3.3,5.3,8.6,2.3,0.8,1,2.3,3.4,15.2
396,Collin Sexton,SG,24,UTA,26,9,24.4,4.9,10,0.494,0.9,2.5,0.364,4,7.4,0.539,0.541,3.5,4.2,0.833,0.8,1.6,2.5,3,0.6,0.1,1.8,2.3,14.2
397,Landry Shamet,SG,25,PHO,14,0,16.4,2.2,5.5,0.403,1.5,4,0.375,0.7,1.5,0.476,0.539,1.1,1.2,0.882,0.3,0.6,0.9,1.1,0.5,0.1,1,1.6,7
398,Day'Ron Sharpe,C,21,BRK,15,0,7.5,1,2.1,0.484,0.2,0.3,0.75,0.8,1.8,0.444,0.532,0.5,0.8,0.667,0.9,2,2.9,0.6,0.2,0.5,0.5,1.6,2.7
399,Shaedon Sharpe,SG,19,POR,23,5,20.1,3.3,7,0.469,0.9,2.4,0.375,2.3,4.5,0.519,0.534,0.6,1,0.609,0.7,1.7,2.4,0.5,0.3,0.2,0.7,1.7,8
400,Pascal Siakam,C,28,TOR,13,13,34.4,8.6,17.5,0.493,1.3,3.8,0.347,7.3,13.7,0.534,0.531,5.6,7.4,0.76,1.7,7.2,8.9,7.1,1.1,0.5,2.5,3.2,24.2
401,Ben Simmons,PG,26,BRK,17,12,28.1,3.6,5.9,0.614,0,0.1,0,3.6,5.9,0.62,0.614,1.1,1.9,0.545,1,5.6,6.6,5.8,1.2,0.7,2.3,3.8,8.4
402,Marko Simonovic,C,23,CHI,1,0,2,0,1,0,0,1,0,0,0,,0,0,0,,0,0,0,0,0,0,0,0,0
403,Anfernee Simons,SG,23,POR,22,22,37.1,8.5,19.2,0.443,4.2,10.6,0.397,4.3,8.5,0.5,0.553,3.5,3.9,0.894,0.3,2.7,3,4.5,1,0.3,2.2,2.2,24.7
404,Jericho Sims,C,24,NYK,16,2,13.6,2,2.6,0.762,0,0,,2,2.6,0.762,0.762,0.5,0.6,0.8,2.1,2.6,4.8,0.4,0.3,0.9,0.4,2,4.5
405,Marcus Smart,PG,28,BOS,21,21,32.9,4.2,9.4,0.449,1.8,5.1,0.346,2.5,4.3,0.571,0.543,1.6,2,0.805,0.4,2.7,3.1,7.7,1.1,0.3,2.2,3,11.8
406,Dennis Smith Jr.,PG,25,CHO,15,11,27.9,4.1,8.9,0.463,0.7,2,0.333,3.5,6.9,0.5,0.5,0.4,0.8,0.5,0.6,2.7,3.3,5.7,1.8,0.7,1.5,2.3,9.3
407,Dru Smith,SG,25,MIA,3,0,14,1.3,3,0.444,0.3,1,0.333,1,2,0.5,0.5,0,0,,0,2.3,2.3,0.7,1,1,0.3,2,3
408,Ish Smith,PG,34,DEN,10,0,12,1.7,4.3,0.395,0.2,0.6,0.333,1.5,3.7,0.405,0.419,0.1,0.2,0.5,0.1,1.2,1.3,2.5,0.3,0.6,1.2,0.9,3.7
409,Jabari Smith Jr.,PF,19,HOU,22,22,29.8,4,10.8,0.367,2.1,6,0.348,1.9,4.8,0.39,0.464,1.6,1.9,0.857,1.3,5.5,6.9,0.8,0.4,1,1.1,3.2,11.6
410,Jalen Smith,PF,22,IND,23,23,23.3,4.1,9.3,0.437,1.2,4.1,0.284,2.9,5.2,0.558,0.5,1.9,2.4,0.786,1.8,5,6.8,1.1,0.3,1,1.3,2.2,11.3
411,Jeremy Sochan,PF,19,SAS,20,20,24.9,3.6,7.5,0.473,0.4,2.2,0.182,3.2,5.3,0.594,0.5,0.6,1,0.55,1.3,2.8,4.1,2,1,0.5,1.6,2.6,8.1
412,Jaden Springer,PG,20,PHI,2,0,2,1,1.5,0.667,0,0,,1,1.5,0.667,0.667,0.5,1,0.5,0.5,0.5,1,0,0,0.5,0,0.5,2.5
413,Lamar Stevens,PF,25,CLE,11,8,21.5,2.6,5.7,0.46,0.6,1.5,0.412,2,4.2,0.478,0.516,1.5,1.7,0.842,0.6,2.2,2.8,0.4,0.4,0.5,0.5,1.5,7.4
414,Isaiah Stewart,C,21,DET,18,18,27.5,3.9,8.4,0.461,1.4,4,0.361,2.4,4.4,0.55,0.546,2.8,3.7,0.746,2.6,6.3,8.9,1.3,0.4,0.8,1.1,2.9,12
415,Max Strus,SF,26,MIA,21,13,33.5,5.4,12.6,0.426,3,8.5,0.358,2.3,4.1,0.57,0.547,1.3,1.5,0.875,0.6,3,3.6,1.8,0.9,0.3,1.2,2.4,15.1
416,Jalen Suggs,PG,21,ORL,14,13,28.9,4.6,11.1,0.419,1.4,4.9,0.294,3.2,6.2,0.517,0.484,1.6,2.5,0.657,1.1,2.2,3.3,5.4,1.6,0.6,3.4,3.1,12.4
417,Edmond Sumner,SG,27,BRK,20,8,15.3,2.5,5.6,0.438,0.6,2.2,0.273,1.9,3.4,0.544,0.491,1.7,1.8,0.917,0.3,1.1,1.3,1.2,1,0.3,1.1,1.4,7.2
418,Cole Swider,SF,23,LAL,1,0,2,0,1,0,0,1,0,0,0,,0,0,0,,0,1,1,1,0,0,0,0,0
419,Jae'Sean Tate,SF,27,HOU,3,2,22.7,3.3,6.7,0.5,0.7,1.7,0.4,2.7,5,0.533,0.55,1,1.3,0.75,2.7,1.7,4.3,3.3,1,0,1.7,5,8.3
420,Jayson Tatum,PF,24,BOS,23,23,36.9,10,20.9,0.481,3.3,9.3,0.358,6.7,11.5,0.581,0.561,7.3,8.4,0.87,1,7.1,8.1,4.3,1,1,2.7,2.3,30.7
421,Terry Taylor,SG,23,IND,15,2,8.5,0.7,2.1,0.355,0.1,0.7,0.2,0.6,1.4,0.429,0.387,0.3,0.3,0.8,0.6,0.9,1.5,0.4,0.1,0.3,0.3,0.9,1.9
422,Garrett Temple,SG,36,NOP,9,0,7.8,1,2.4,0.409,0.6,1.4,0.385,0.4,1,0.444,0.523,0.3,0.4,0.75,0.1,0.6,0.7,0.3,0.7,0.1,0.3,0.7,2.9
423,Dalen Terry,SG,20,CHI,10,0,3.3,0.3,1.1,0.273,0.1,0.4,0.25,0.2,0.7,0.286,0.318,0.3,0.4,0.75,0,0.2,0.2,0.5,0.1,0.2,0.4,0.2,1
424,Cam Thomas,SG,21,BRK,19,0,14.9,1.9,5.3,0.366,0.4,1.3,0.28,1.6,4,0.395,0.401,2.1,2.6,0.8,0.1,1.3,1.3,1.5,0.5,0.2,0.8,1,6.4
425,Klay Thompson,SG,32,GSW,19,19,30.1,6.2,15.4,0.403,3.7,9.7,0.38,2.5,5.7,0.44,0.522,1.4,1.6,0.839,0.4,3.2,3.6,2.4,0.6,0.3,1.7,1.8,17.5
426,JT Thor,PF,20,CHO,14,0,10.4,0.9,2.7,0.316,0.3,1.4,0.2,0.6,1.3,0.444,0.368,0.5,0.6,0.778,0.6,1.5,2.1,0.6,0.2,0.4,0.6,0.6,2.5
427,Matisse Thybulle,SG,25,PHI,19,3,11.6,0.6,2.1,0.308,0.3,1.2,0.217,0.4,0.8,0.438,0.372,0.1,0.2,0.333,0.3,0.9,1.2,0.4,0.8,0.3,0.2,1.2,1.6
428,Xavier Tillman Sr.,PF,24,MEM,10,0,11.2,1.5,2.8,0.536,0.2,0.5,0.4,1.3,2.3,0.565,0.571,0.4,1.2,0.333,1.3,1.4,2.7,0.7,0.3,0.4,0.7,1.2,3.6
429,Isaiah Todd,PF,21,WAS,4,0,3.3,0.3,1,0.25,0,0.8,0,0.3,0.3,1,0.25,0,0,,0,0,0,0,0,0,0,0,0.5
430,Obi Toppin,PF,24,NYK,24,0,17.5,3,7,0.423,1.4,3.9,0.351,1.6,3.1,0.514,0.521,0.6,0.7,0.824,0.6,3.3,3.9,1.1,0.4,0.2,0.8,1.2,7.9
431,Juan Toscano-Anderson,SF,29,LAL,12,0,10.6,0.8,2.1,0.4,0.2,0.9,0.182,0.7,1.2,0.571,0.44,0.3,0.4,0.8,0.1,1.8,1.8,0.5,0.3,0.3,0.7,1.4,2.2
432,Karl-Anthony Towns,PF,27,MIN,21,21,33.8,7.3,14.4,0.505,1.8,5.6,0.325,5.5,8.9,0.618,0.568,4.4,5,0.885,1.7,6.5,8.2,5.3,0.8,0.7,3.1,3.9,20.8
433,Gary Trent Jr.,SG,24,TOR,20,16,31,5.7,13.8,0.413,2.2,6.9,0.321,3.5,7,0.504,0.493,2.9,3.8,0.773,0.7,1.4,2.1,1.6,1.6,0.2,1.2,1.4,16.5
434,P.J. Tucker,PF,37,PHI,23,23,28,1.3,3,0.449,0.7,1.6,0.405,0.7,1.4,0.5,0.558,0.1,0.2,0.75,1.2,3,4.3,1,0.6,0.3,1,2.5,3.5
435,Myles Turner,C,26,IND,18,18,28.8,6.2,11.3,0.544,1.6,3.9,0.394,4.6,7.4,0.624,0.613,3.7,4.5,0.815,1.5,6.6,8.1,1.5,0.6,2.4,1.8,3.3,17.6
436,Jonas Valančiūnas,C,30,NOP,23,23,23,5.1,9.2,0.555,0.7,1.6,0.417,4.4,7.6,0.583,0.59,2.6,3.1,0.831,2.6,6.4,9,2,0.3,0.3,1.9,2.5,13.4
437,Jarred Vanderbilt,PF,23,UTA,24,24,24.9,3.6,6,0.608,0.5,1.1,0.462,3.1,4.9,0.641,0.65,0.8,1.3,0.625,2.3,6,8.3,2.8,1.2,0.3,1.6,2.9,8.6
438,Fred VanVleet,PG,28,TOR,17,17,36.5,5.4,14.8,0.365,2.9,8.3,0.348,2.5,6.5,0.387,0.462,3.1,3.7,0.841,0.5,2.9,3.4,6.6,1.8,0.4,1.9,2.8,16.8
439,Devin Vassell,SG,22,SAS,19,17,32.5,7.5,16.4,0.457,3.1,7.4,0.418,4.4,8.9,0.488,0.551,2.5,3.1,0.81,0.2,4,4.2,3.6,0.7,0.4,1.6,1.5,20.5
440,Gabe Vincent,PG,26,MIA,18,0,25.4,3.3,8.4,0.395,1.5,4.9,0.303,1.8,3.5,0.524,0.484,1.2,1.4,0.84,0.3,1.8,2.1,3.1,0.9,0.1,1.3,2.6,9.3
441,Noah Vonleh,C,27,BOS,16,1,8.9,0.7,1.4,0.5,0.1,0.2,0.333,0.6,1.2,0.526,0.523,0.1,0.1,1,1.1,1.4,2.5,0.3,0.1,0.4,0.6,1.8,1.6
442,Nikola Vučević,C,32,CHI,23,23,32,6.1,12.7,0.478,1.6,4.5,0.346,4.5,8.2,0.55,0.539,2,2.4,0.855,2.2,8.7,11,2.8,0.5,0.7,2,2,15.8
443,Dean Wade,PF,26,CLE,17,9,24.1,2.2,4.9,0.452,1.4,3.3,0.411,0.9,1.6,0.536,0.589,0.5,0.8,0.692,0.6,3.5,4.1,1,0.7,0.4,0.4,2.5,6.4
444,Franz Wagner,SF,21,ORL,24,24,33,7.1,14.5,0.491,1.3,4,0.326,5.8,10.5,0.553,0.536,3.5,4.1,0.857,0.8,3.2,4,3.8,0.8,0.3,2.8,2.5,19
445,Moritz Wagner,C,25,ORL,6,2,23,2.8,6.8,0.415,0.5,3.3,0.15,2.3,3.5,0.667,0.451,2.3,3,0.778,1.7,4.2,5.8,2.3,0.5,0.3,2,3.3,8.5
446,Ish Wainright,SF,28,PHO,8,0,13.9,1.4,2.9,0.478,1.3,2.4,0.526,0.1,0.5,0.25,0.696,0.3,0.4,0.667,1,0.9,1.9,1.1,0.5,0.3,0.3,1.9,4.3
447,Jabari Walker,SF,20,POR,13,0,8.1,0.8,2,0.385,0.1,0.6,0.125,0.7,1.4,0.5,0.404,0.3,0.5,0.667,0.5,1.7,2.2,0.7,0.1,0.2,0.3,0.8,1.9
448,Lonnie Walker IV,SG,24,LAL,19,19,31.3,6.2,12.7,0.483,2.1,5.3,0.39,4.1,7.5,0.549,0.564,2.3,2.7,0.863,0.4,1.9,2.3,1.7,0.9,0.4,1.1,1.7,16.7
449,John Wall,PG,32,LAC,19,0,21.9,4.5,10.2,0.443,0.9,3.3,0.27,3.6,6.9,0.527,0.487,2.9,4.3,0.679,0.3,2.2,2.5,5.3,0.9,0.2,2.3,1.7,12.8
450,T.J. Warren,SF,29,BRK,2,0,17.5,3,7.5,0.4,0,1,0,3,6.5,0.462,0.4,1,1,1,2,1,3,0.5,0.5,0.5,0.5,1,7
451,Duane Washington Jr.,SG,22,PHO,15,0,9,1.9,5.1,0.377,0.7,2.6,0.282,1.2,2.5,0.474,0.448,0,0.1,0,0,0.6,0.6,0.7,0.1,0.1,0.6,0.5,4.6
452,P.J. Washington,PF,24,CHO,23,23,32.2,5.7,13.4,0.421,1.9,5.6,0.341,3.7,7.8,0.478,0.492,2.2,2.7,0.81,1.1,3.6,4.7,2.2,0.7,1,1.9,2.7,15.4
453,TyTy Washington Jr.,PG,21,HOU,1,0,4,0,0,,0,0,,0,0,,,1,2,0.5,0,0,0,0,0,0,0,0,1
454,Yuta Watanabe,SF,28,BRK,14,0,18.2,3,4.9,0.609,1.7,3,0.571,1.3,1.9,0.667,0.783,0.4,0.6,0.667,0.7,2.2,2.9,0.9,0.2,0.5,0.4,1.1,8.1
455,Lindy Waters III,SG,25,OKC,5,0,13.8,1.6,4.6,0.348,1.4,4.4,0.318,0.2,0.2,1,0.5,0,0,,0.4,1.6,2,0.4,0.6,0,0,1,4.6
456,Trendon Watford,PF,22,POR,15,2,18.6,2.1,3.7,0.564,0.2,0.7,0.3,1.9,3,0.622,0.591,1.1,1.3,0.895,0.9,3.2,4.1,1.7,0.5,0.1,1.1,1.9,5.5
457,Peyton Watson,SG,20,DEN,6,0,2.5,0.5,1.5,0.333,0,0.2,0,0.5,1.3,0.375,0.333,0,0,,0.3,0.2,0.5,0,0,0,0,0.2,1
458,Blake Wesley,SG,19,SAS,2,0,11.5,3,4.5,0.667,1,1.5,0.667,2,3,0.667,0.778,1,2,0.5,0.5,0.5,1,2,0,0,1,1.5,8
459,Russell Westbrook,PG,34,LAL,21,3,28,5.3,13.2,0.404,1.2,4,0.306,4.1,9.1,0.448,0.451,2.7,3.9,0.683,1,4.3,5.3,7.7,1,0.4,3.5,2.4,14.6
460,Coby White,PG,22,CHI,15,0,18.5,2.7,6.7,0.41,1.4,4.3,0.328,1.3,2.4,0.556,0.515,0.6,0.9,0.692,0.1,1.9,2,1.6,0.6,0.1,0.9,1.6,7.5
461,Derrick White,SG,28,BOS,24,19,26.2,3.7,7.8,0.473,1.9,4.3,0.437,1.8,3.5,0.518,0.594,1.6,1.8,0.886,0.5,2.5,3,3.3,0.8,0.7,1,2.5,10.8
462,Jack White,SF,25,DEN,8,0,3.3,0.1,0.8,0.167,0,0.3,0,0.1,0.5,0.25,0.167,0,0,,0.3,0.4,0.6,0,0.1,0.3,0,0.5,0.3
463,Aaron Wiggins,SG,24,OKC,16,5,19.8,2.3,4.9,0.474,0.8,2,0.406,1.5,2.9,0.522,0.558,0.9,1.1,0.833,0.8,2.8,3.6,1.6,0.6,0.3,0.7,1.6,6.4
464,Andrew Wiggins,SF,27,GSW,22,22,32.8,7.4,14.5,0.511,3,6.8,0.45,4.4,7.7,0.565,0.616,1.2,2,0.628,1.5,3.6,5.1,2.2,1.4,0.8,1.4,2.9,19.1
465,Grant Williams,PF,24,BOS,23,11,28.8,3.2,6,0.536,1.7,3.8,0.46,1.5,2.2,0.667,0.681,1,1.2,0.857,0.8,3.8,4.6,1.9,0.7,0.4,0.8,2.8,9.2
466,Jalen Williams,SG,21,OKC,19,7,25.2,4.3,8.1,0.529,0.7,2.4,0.311,3.5,5.7,0.62,0.575,1.5,1.8,0.8,0.6,2.5,3.1,2.6,0.6,0.3,1.6,2.7,10.7
467,Jaylin Williams,PF,20,OKC,5,0,7,1,2.2,0.455,0,0.4,0,1,1.8,0.556,0.455,0.8,1.2,0.667,1,1,2,0.6,0.2,0,0.4,1.2,2.8
468,Kenrich Williams,PF,28,OKC,21,3,20.4,2.8,5.3,0.527,0.7,1.8,0.368,2.1,3.5,0.608,0.589,0.3,0.7,0.429,1.7,2.1,3.8,1.4,0.6,0.2,0.4,1.9,6.6
469,Mark Williams,C,21,CHO,3,0,4.3,1.3,2.3,0.571,0,0,,1.3,2.3,0.571,0.571,1,1,1,1.3,1.3,2.7,0,0,0,0.7,1,3.7
470,Patrick Williams,PF,21,CHI,23,22,25.9,3.3,7.4,0.45,1.3,3,0.42,2.1,4.4,0.471,0.535,1.2,1.3,0.931,1.1,2.8,4,0.8,0.7,1,1.6,2.1,9.1
471,Vince Williams Jr.,SG,22,MEM,5,0,5.2,0.6,1.6,0.375,0.2,1.2,0.167,0.4,0.4,1,0.438,0,0,,0.2,0.4,0.6,0.4,0.4,0.2,0,0.8,1.4
472,Zion Williamson,PF,22,NOP,18,18,32,9.1,15.3,0.591,0.2,0.6,0.273,8.9,14.7,0.604,0.596,5.3,7.3,0.727,2.1,4.9,7.1,4.3,1.3,0.6,2.7,2.3,23.6
473,Justise Winslow,SF,26,POR,21,10,29,3.1,7.7,0.407,0.5,1.7,0.314,2.6,6,0.433,0.441,0.9,1.2,0.692,1.7,3.8,5.5,3.7,1.1,0.4,1.6,3.1,7.7
474,James Wiseman,C,21,GSW,11,0,13.4,2.7,4.6,0.588,0,0,,2.7,4.6,0.588,0.588,1.4,2.1,0.652,1,2.8,3.8,1,0.1,0.4,0.7,2.4,6.8
475,Christian Wood,PF,27,DAL,19,0,26,6.3,11.3,0.556,1.4,3.4,0.406,4.9,7.9,0.62,0.617,2.9,4.3,0.671,1.2,6.5,7.7,1.2,0.4,0.5,2.3,2.8,16.8
476,Delon Wright,PG,30,WAS,4,0,22.8,2.5,6,0.417,0.8,3,0.25,1.8,3,0.583,0.479,0.8,1.3,0.6,1,1.5,2.5,3.3,2.8,1,1,1.3,6.5
477,McKinley Wright IV,PG,24,DAL,1,0,5,1,4,0.25,0,1,0,1,3,0.333,0.25,0,0,,1,1,2,2,1,0,0,0,2
478,Thaddeus Young,PF,34,TOR,20,8,17.2,2.4,4.4,0.545,0.1,0.7,0.077,2.4,3.8,0.627,0.551,0.6,0.7,0.857,1.7,2.2,3.9,1.9,1.1,0.1,0.9,1.7,5.5
479,Trae Young,PG,24,ATL,21,21,35.5,9,21.8,0.411,2.2,7.4,0.303,6.7,14.4,0.467,0.463,7.7,8.5,0.899,0.8,2.1,2.9,9.6,0.8,0.1,3.4,1.4,27.8
480,Ivica Zubac,C,25,LAC,24,24,30.5,4.3,6.9,0.624,0,0,0,4.3,6.8,0.628,0.624,2.2,3.2,0.684,3.5,8.2,11.6,1.3,0.5,1.7,2.2,3,10.8